ID,ABBR,RESERVE,NHL
annunju01,ANA,R,NSH
buiumze01,ANA,R,VAN
connoky01,ANA,R,WPG
engluan01,ANA,R,NSH
firkuja01,ANA,R,SEA
greeraj01,ANA,R,FLA
hoferjo01,ANA,R,STL
joshuda01,ANA,R,TOR
koblati01,ANA,R,TOR
liljeti01,ANA,R,WSH
miettju01,ANA,R,SEA
oconndr01,ANA,R,VAN
olivima01,ANA,R,CBJ
P-haymelu01,ANA,R,TOR
reinhsa01,ANA,R,FLA
riellmo01,ANA,R,TOR
rodriev01,ANA,R,FLA
schnebr01,ANA,R,NYR
severda01,ANA,R,CBJ
shurama01,ANA,R,FLA
toewsjo01,ANA,R,WPG
vanacma01,ANA,R,CHI
vlasial01,ANA,R,CHI
wiesboz01,ANA,R,NSH
willato01,ANA,R,VAN
berglja01,ANA,,PHI
coolelo01,ANA,,UTA
desnoca01,ANA,,UTA
finleja01,ANA,,UTA
hutsoqu01,ANA,,EDM
ihswoja01,ANA,,VEG
khusnma01,ANA,,BOS
tippeow01,ANA,,PHI
boumesa01,BOS,R,WPG
buiumsh01,BOS,R,DET
burakan01,BOS,R,CHI
cattobe01,BOS,R,SEA
cheslry01,BOS,R,WSH
devinja01,BOS,R,FLA
donatry01,BOS,R,CHI
finkai01,BOS,R,NSH
foxad01,BOS,R,NYR
franket01,BOS,R,WSH
gajanad01,BOS,R,CHI
haulaer01,BOS,R,NSH
jansslu01,BOS,R,FLA
mayfisc01,BOS,R,NYI
milanso01,BOS,R,WSH
namesvl01,BOS,R,WPG
noesest01,BOS,R,NJD
P-mcallry01,BOS,R,---
pachabr01,BOS,R,CGY
quickjo01,BOS,R,NYR
suzdaal01,BOS,R,WSH
thompai01,BOS,R,NYR
anderfr01,BOS,,CAR
brinkbo01,BOS,,MIN
byrambo01,BOS,,BUF
cliftco01,BOS,,PIT
fredetr01,BOS,,EDM
gauthcu01,BOS,,ANA
lazarcu01,BOS,,EDM
malinsa01,BOS,,COL
mrtkara01,BOS,,BUF
sandeja01,BOS,,OTT
shepahu01,BOS,R,OTT
wallsje01,BOS,,MIN
boesebr01,BUF,R,VAN
chiarbe01,BUF,R,DET
dvorsda01,BUF,R,STL
edvinsi01,BUF,R,DET
fantiad01,BUF,R,CBJ
forsbfi01,BUF,R,NSH
holmssi01,BUF,R,NYI
hughelu01,BUF,R,NJD
koepkco01,BUF,R,WPG
larkidy01,BUF,R,DET
oleksja01,BUF,R,SEA
sandiax01,BUF,R,DET
shabama01,BUF,R,NYI
shearco01,BUF,R,NYR
talboca01,BUF,R,DET
trochvi01,BUF,R,NYR
wolljo01,BUF,R,TOR
connetr01,BUF,,VEG
crosbsi01,BUF,,PIT
dipiemi01,BUF,,BOS
edstrda01,BUF,,VEG
fialake01,BUF,,LAK
gilbede01,BUF,,OTT
gudasra01,BUF,,ANA
guentdy01,BUF,,UTA
hathaga01,BUF,,PHI
nadeabr01,BUF,,CAR
nikisal01,BUF,,CAR
powerow01,BUF,,BUF
tkachbr01,BUF,,OTT
ungerfe01,BUF,,CAR
yurovda01,BUF,,MIN
barroju01,CAR,R,NSH
bennimi01,CAR,R,FLA
bjugsni01,CAR,R,NJD
brzushu01,CAR,R,CGY
douglcu01,CAR,R,VAN
frostmo01,CAR,R,CGY
klapkad01,CAR,R,CGY
kurasph01,CAR,R,SJS
kyroujo01,CAR,R,STL
larssad01,CAR,R,SEA
lundca01,CAR,R,SJS
mewshe01,CAR,R,CGY
oreilry01,CAR,R,NSH
ovechal01,CAR,R,WSH
pospima01,CAR,R,CGY
stolaan01,CAR,R,TOR
thompja01,CAR,R,VAN
tsyplma01,CAR,R,NJD
vorondi01,CAR,R,CBJ
bardaza01,CAR,,COL
barkede01,CAR,,PHI
bussibr01,CAR,,CAR
dahlira01,CAR,,BUF
desmica01,CAR,,DAL
emberty01,CAR,,EDM
eyssimi01,CAR,,BOS
fedotiv01,CAR,R,PHI
granlmi01,CAR,,ANA
guentja01,CAR,,TBL
hallafi01,CAR,,PIT
lamouma01,CAR,,UTA
marnemi01,CAR,,VEG
middlja01,CAR,,MIN
moserja01,CAR,,TBL
perroja01,CAR,,CAR
boqvije01,CBJ,R,FLA
coylech01,CBJ,R,CBJ
forbode01,CBJ,R,VAN
garlaco01,CBJ,R,CBJ
knighsp01,CBJ,R,CHI
kulikdm01,CBJ,R,FLA
pageaje01,CBJ,R,NYI
pescebr01,CBJ,R,NJD
smithja04,CBJ,R,CBJ
tavarjo01,CBJ,R,TOR
teravte01,CBJ,R,CHI
coltoro01,CBJ,,COL
henriad01,CBJ,,EDM
howdebr01,CBJ,,VEG
johnswy01,CBJ,,DAL
kreidch01,CBJ,,ANA
martijo01,CBJ,,CAR
mrazepe01,CBJ,,ANA
myersty01,CBJ,,DAL
paulni01,CBJ,,TBL
smithco02,CBJ,,VEG
walkese01,CBJ,,CAR
zuckeja01,CBJ,,BUF
bennesa01,CGY,R,FLA
eriksli01,CGY,R,FLA
fortedr01,CGY,R,NYR
gavrivl01,CGY,R,NYR
heineda01,CGY,R,CBJ
levide01,CGY,R,FLA
lindgch01,CGY,R,WSH
mikkoni01,CGY,R,FLA
paraste01,CGY,R,WSH
samosma01,CGY,R,FLA
thomplo01,CGY,R,WSH
acciano01,CGY,,PIT
andraem01,CGY,,PHI
aubekni01,CGY,R,MIN
carriwi01,CGY,,CAR
cernaer01,CGY,,TBL
ciharvo01,CGY,R,LAK
cirelan01,CGY,,TBL
dickija01,CGY,R,EDM
foligni01,CGY,,MIN
gourdya01,CGY,,TBL
greenjo02,CGY,R,BUF
hussovi01,CGY,,ANA
ivaniv01,CGY,R,COL
karlswi01,CGY,R,VEG
kellypa01,CGY,,COL
kucheni01,CGY,,TBL
laughsc01,CGY,,LAK
lindees01,CGY,,DAL
lindhel01,CGY,,BOS
mansojo01,CGY,,COL
milleka01,CGY,,CAR
nelsobr01,CGY,,COL
reillmi01,CGY,,CAR
texieal01,CGY,,MTL
zuccama01,CGY,,MIN
borgewi01,CHI,R,NYR
coronma01,CHI,R,CGY
farabjo01,CHI,R,CGY
gadjojo01,CHI,R,FLA
hamildo01,CHI,R,NJD
hildede01,CHI,R,TOR
kantsro01,CHI,R,CHI
kiiskje01,CHI,R,NSH
lardini01,CHI,R,CHI
levshar01,CHI,R,CHI
lheurza01,CHI,R,NSH
marchki01,CHI,R,CBJ
sillico01,CHI,R,CBJ
toffoty01,CHI,R,SJS
ufkory01,CHI,R,NSH
vilmasa01,CHI,R,FLA
yagerbr01,CHI,R,WPG
zamulye01,CHI,R,CBJ
backos01,CHI,,DAL
benakad01,CHI,,MIN
chinaye01,CHI,,PIT
dorofpa01,CHI,,VEG
klevety01,CHI,,OTT
kochepy01,CHI,R,CAR
marjavi01,CHI,,BUF
P-leppaat01,CHI,,EDM
poitrma01,CHI,,BOS
reimeja01,CHI,,OTT
ruohohe01,CHI,,PHI
vanecvi01,CHI,R,UTA
vejmeka01,CHI,,UTA
drouijo01,COL,R,STL
elickch01,COL,R,CBJ
kampfda01,COL,R,WSH
macewza01,COL,R,NJD
mangian01,COL,R,CHI
olofsvi01,COL,R,CGY
shestig01,COL,R,NYR
soderar01,COL,R,CHI
sundqos01,COL,R,STL
bogosza01,COL,,MIN
broztr01,COL,R,PIT
cousini01,COL,,OTT
duchema01,COL,,DAL
dudaar01,COL,R,UTA
ekholma01,COL,,EDM
goligal01,COL,R,PIT
howeta01,COL,R,PIT
kapanka01,COL,,EDM
kindebe01,COL,,PIT
lafreto01,COL,R,EDM
murtaja01,COL,R,PHI
newhoal01,COL,,MTL
nylanal01,COL,R,BUF
oconnlo01,COL,R,COL
pearsta01,COL,,BUF
pintosh01,COL,,OTT
poehlry01,COL,,ANA
regulal01,COL,,EDM
stonema01,COL,,VEG
toewsde01,COL,,COL
troubja01,COL,,ANA
yamamka01,COL,,UTA
zadorni01,COL,,BOS
brandmi01,DAL,R,DET
edstrad01,DAL,R,NYR
gatcoma01,DAL,R,NYI
hanlejo01,DAL,R,CGY
kaisewy01,DAL,R,CHI
lorenst01,DAL,R,TOR
mancivi01,DAL,R,VAN
parayco01,DAL,R,STL
schaere01,DAL,R,NSH
skinnje01,DAL,R,SJS
slaggla01,DAL,R,CHI
toropal01,DAL,R,STL
wilsbad01,DAL,R,NSH
akeybe01,DAL,,EDM
berezma01,DAL,,EDM
crozima01,DAL,,TBL
draisle01,DAL,,EDM
hensllo01,DAL,,OTT
hymanza01,DAL,,EDM
johanjo03,DAL,,TBL
jonesbe01,DAL,,MIN
jonsssa01,DAL,R,EDM
kulicji01,DAL,,BUF
letoude01,DAL,,BOS
nugenry01,DAL,,EDM
oreilsa01,DAL,,EDM
rosloja01,DAL,,EDM
skinnst01,DAL,,PIT
spencjo01,DAL,,OTT
augustr01,DET,R,DET
caseyse01,DET,R,NJD
celebma01,DET,R,SJS
coppan01,DET,R,DET
daccojo01,DET,R,SEA
martibr02,DET,R,NSH
mukhash01,DET,R,SJS
ostapza01,DET,R,SJS
protail01,DET,R,WSH
seidemo01,DET,R,DET
amicoca01,DET,R,PHI
artamni01,DET,R,CAR
bjorkol01,DET,,TBL
doanjo01,DET,,BUF
ernead01,DET,,DAL
faberbr01,DET,,MIN
girarsa01,DET,,PIT
hagelbr01,DET,,TBL
hanifno01,DET,,VEG
hillad01,DET,,VEG
jankoma01,DET,R,CAR
kessemi01,DET,R,BUF
korczka01,DET,,VEG
mackina01,DET,,COL
mooreia01,DET,,ANA
nichuva01,DET,,COL
perryco01,DET,,TBL
podkova01,DET,,EDM
robiner01,DET,R,CAR
royni01,DET,,COL
savoima01,DET,,EDM
sissoco01,DET,,VEG
smithre01,DET,R,VEG
solbest01,DET,R,ANA
terrytr01,DET,,ANA
theodsh01,DET,,VEG
bearca01,EDM,R,DET
boisvsa01,EDM,R,CHI
brissbr01,EDM,R,NYR
broditj01,EDM,R,CGY
chishde01,EDM,R,WSH
engvapi01,EDM,R,NYI
glassco01,EDM,R,NJD
hamontr01,EDM,R,DET
maattol01,EDM,R,CGY
marksja02,EDM,R,NJD
mikheil01,EDM,R,CHI
molenta01,EDM,R,NSH
mugglle01,EDM,R,WSH
pettema01,EDM,R,VAN
ritchca01,EDM,R,NYI
schwaja01,EDM,R,SEA
sorokil01,EDM,R,NYI
stromdy01,EDM,R,WSH
stromry01,EDM,R,CGY
wrighsh01,EDM,R,SEA
yegormi01,EDM,R,NJD
bertutr01,EDM,,DAL
bichsli01,EDM,,DAL
bjarnca01,EDM,,PHI
carlsjo01,EDM,,ANA
carlsle01,EDM,,ANA
catafma01,EDM,,VEG
grundca01,EDM,,PHI
helledr01,EDM,,ANA
holtzal01,EDM,,VEG
hrabami01,EDM,,UTA
iginlti01,EDM,,UTA
kapriki01,EDM,,MIN
mathemi01,EDM,,MTL
mctavma01,EDM,,ANA
astonza01,FLA,R,CBJ
barromo01,FLA,R,WPG
demeldy01,FLA,R,WPG
dillobr01,FLA,R,NJD
gritsar01,FLA,R,NJD
helleco01,FLA,R,WPG
jostty01,FLA,R,NSH
lapiehe01,FLA,R,WSH
marrelu01,FLA,R,CBJ
misami01,FLA,R,SJS
plantma02,FLA,R,DET
ratyaa01,FLA,R,VAN
wintery01,FLA,R,SEA
badindo01,FLA,,CAR
blakeja02,FLA,,CAR
czataet01,FLA,,TBL
dostalu01,FLA,,ANA
ellerla01,FLA,,OTT
gauthet01,FLA,,TBL
harleth01,FLA,,DAL
harrijo01,FLA,,BOS
heiskmi01,FLA,,DAL
kastema01,FLA,,BOS
kolosal01,FLA,,PHI
kuzmean01,FLA,,LAK
lindhha01,FLA,,BOS
mcdavco01,FLA,,EDM
slukyha01,FLA,R,LAK
akhtyar01,LAK,R,TOR
brodzjo01,LAK,R,NYR
brownco02,LAK,R,NJD
buchnpa01,LAK,R,STL
bystefi01,LAK,R,SJS
fowleca01,LAK,R,STL
genboed01,LAK,R,DET
ivankja01,LAK,R,NSH
josiro01,LAK,R,NSH
kirscch01,LAK,R,SJS
kovacjo01,LAK,R,NJD
kravtvi01,LAK,R,NYR
mccanja01,LAK,R,SEA
millejt01,LAK,R,NYR
morinet01,LAK,R,CGY
rombaja01,LAK,R,NSH
suterpi01,LAK,R,STL
walkena01,LAK,R,STL
werenza01,LAK,R,CBJ
westma01,LAK,R,CHI
wetscca01,LAK,R,SJS
clarada01,LAK,R,ANA
copleph01,LAK,R,LAK
dachco01,LAK,,EDM
ellisco01,LAK,,BUF
hyryar01,LAK,,DAL
johnsro02,LAK,,ANA
juulsno01,LAK,,PHI
kerfoal01,LAK,,UTA
korpijo01,LAK,,BOS
lewanda01,LAK,,EDM
nesteni02,LAK,,ANA
panarar01,LAK,,LAK
raddyda01,LAK,,TBL
ristora01,LAK,,PHI
tuomasa01,LAK,,PHI
andrepy01,MIN,R,CBJ
brossla01,MIN,R,SJS
brysoja01,MIN,R,WPG
leean01,MIN,R,NYI
lindgry01,MIN,R,SEA
lombery01,MIN,R,CGY
pionkne01,MIN,R,WPG
reschco01,MIN,R,CGY
royma04,MIN,R,WSH
scheima01,MIN,R,WPG
smithwi01,MIN,R,SJS
stenbot01,MIN,R,STL
stephch02,MIN,R,SEA
thrunhe01,MIN,R,TOR
arvidvi01,MIN,,BOS
buntimi01,MIN,,DAL
cerrach01,MIN,,CAR
deslani01,MIN,,CAR
dumbama01,MIN,,PIT
eriksjo02,MIN,,MIN
gallabr01,MIN,,MTL
geekico01,MIN,,TBL
hertlto01,MIN,,VEG
jonesma03,MIN,,EDM
mccarmi01,MIN,,MIN
michkma01,MIN,,PHI
schenlu01,MIN,,BUF
sennebe01,MIN,,ANA
silovar01,MIN,,PIT
timmico01,MIN,,BUF
trikogl01,MIN,,CAR
valimju01,MIN,,UTA
vasilan02,MIN,,TBL
beauvan01,MTL,R,WSH
benoisi01,MTL,R,TOR
comrier01,MTL,R,WPG
fleurha01,MTL,R,WPG
gregono01,MTL,R,FLA
grzelma01,MTL,R,CHI
iafalal01,MTL,R,WPG
johanal01,MTL,R,DET
mailllo01,MTL,R,STL
murrama02,MTL,R,SEA
sahlile01,MTL,R,SJS
sawchgr01,MTL,R,FLA
traffhe01,MTL,R,NJD
abolsro01,MTL,,PHI
caufico01,MTL,,MTL
coutuse01,MTL,,PHI
dachki01,MTL,,MTL
danauph01,MTL,,MTL
eliasga01,MTL,,OTT
eriksfi01,MTL,R,MTL
foegewa01,MTL,,OTT
grebeni01,MTL,,PHI
laferal01,MTL,,LAK
lainepa01,MTL,R,MTL
lohrema01,MTL,,BOS
marinjo01,MTL,,UTA
mooretr01,MTL,,LAK
paupaha01,MTL,R,MTL
pickfbr01,MTL,,MTL
pitlity01,MTL,,MIN
schmica01,MTL,R,DAL
slavija01,MTL,,CAR
soderel01,MTL,,PIT
tanevbr01,MTL,,UTA
applema01,NJD,R,DET
bernaja01,NJD,R,DET
duboipi01,NJD,R,WSH
greavje01,NJD,R,CBJ
gridima01,NJD,R,CGY
niedeni01,NJD,R,WPG
othmabr01,NJD,R,CGY
palaton01,NJD,R,NYI
perroda01,NJD,R,DET
provoiv01,NJD,R,CBJ
salomel01,NJD,R,WPG
siegejo01,NJD,R,NJD
wennbal01,NJD,R,SJS
andermi02,NJD,,LAK
bathedr01,NJD,,OTT
brodijo01,NJD,,MIN
crousla01,NJD,,UTA
danfoju01,NJD,,BUF
foligma01,NJD,,MIN
giroucl01,NJD,,OTT
gostish01,NJD,,CAR
jarvise01,NJD,,CAR
kuempda01,NJD,,LAK
matinni01,NJD,,OTT
mesarfi01,NJD,,MTL
montgbl01,NJD,,OTT
nesbija01,NJD,,PHI
norrijo01,NJD,,BUF
portier01,NJD,,BUF
royjo01,NJD,,MTL
samanjo01,NJD,,EDM
seeleni01,NJD,,PHI
yakemca01,NJD,,OTT
audymjo01,NSH,R,NSH
beanja01,NSH,R,CGY
eberljo01,NSH,R,SEA
ekblaaa01,NSH,R,FLA
honzesa01,NSH,R,CGY
huberjo01,NSH,R,CGY
jarnkca01,NSH,R,TOR
kaspema01,NSH,R,DET
lindsth01,NSH,R,STL
merceda01,NSH,R,NJD
montobr01,NSH,R,SEA
nestrva01,NSH,R,CHI
orlovdm01,NSH,R,SJS
parekza01,NSH,R,CGY
perfeco01,NSH,R,WPG
pulkkje01,NSH,R,NYI
rehkoca01,NSH,R,SEA
saleed01,NSH,R,SEA
silayan01,NSH,R,NJD
anderjo05,NSH,,MTL
beaudco01,NSH,,UTA
cozendy01,NSH,,OTT
frolose01,NSH,,CAR
hayeske01,NSH,,PIT
haytoba01,NSH,,UTA
hedmavi01,NSH,,TBL
hintzro01,NSH,,DAL
massema01,NSH,,ANA
mcquero01,NSH,,ANA
ostluno01,NSH,,BUF
psenima01,NSH,,UTA
reinbda01,NSH,,MTL
schmina01,NSH,,UTA
tarasvl01,NSH,,MIN
wedgesc01,NSH,,COL
aitchka01,NYI,R,NYI
askarya01,NYI,R,SJS
barkoal01,NYI,R,FLA
barzama01,NYI,R,NYI
bedarco01,NYI,R,CHI
beechjo01,NYI,R,CGY
chibrni01,NYI,R,WPG
debrial01,NYI,R,DET
delbelu01,NYI,R,CBJ
heineem01,NYI,R,NYI
josepma01,NYI,R,STL
macleky01,NYI,R,NYI
nazarfr01,NYI,R,CHI
prokhda01,NYI,R,NYI
tuckety01,NYI,R,STL
blomqjo01,NYI,R,PIT
bolduza01,NYI,,MTL
chromma01,NYI,,LAK
dobesja01,NYI,,MTL
evansja02,NYI,,MTL
fowleja01,NYI,,MTL
groshma01,NYI,,TBL
hagemi01,NYI,,MTL
hutsola01,NYI,,MTL
jonesca01,NYI,,PIT
konyubo01,NYI,,MTL
lehkoar01,NYI,,COL
makarca01,NYI,,COL
nabokil01,NYI,R,COL
ryabkiv01,NYI,,CAR
suzukni01,NYI,,MTL
balinuv01,NYR,R,FLA
barloco01,NYR,R,WPG
cristan01,NYR,R,WSH
dickisa01,NYR,R,SJS
eklunvi01,NYR,R,NYI
hischni01,NYR,R,NJD
jonesse01,NYR,R,FLA
kokkoni01,NYR,R,SEA
leonary01,NYR,R,WSH
pottecu01,NYR,R,CGY
rinzesa01,NYR,R,CHI
spencma02,NYR,R,NYR
ahose01,NYR,,CAR
bensoza01,NYR,,BUF
bourqma01,NYR,,DAL
brzushe01,NYR,R,LAK
byfiequ01,NYR,,LAK
clarkbr02,NYR,,LAK
cormilu01,NYR,,VEG
gulyami01,NYR,R,COL
heidtri01,NYR,R,MIN
helensa02,NYR,,LAK
koleske01,NYR,,VEG
lacomja01,NYR,,ANA
luneatr01,NYR,,ANA
martopo01,NYR,,PHI
oettija01,NYR,,DAL
pickeow01,NYR,,PIT
roberja01,NYR,,DAL
slafkju01,NYR,,MTL
stanklo01,NYR,,CAR
wothepa01,NYR,,PIT
zegratr01,NYR,,PHI
ziemmko01,NYR,,LAK
zonnobi01,NYR,R,PIT
bertuty01,OTT,R,CHI
cootebr01,OTT,R,VAN
dadonev01,OTT,R,NJD
debruja01,OTT,R,VAN
evanglu01,OTT,R,NSH
forslgu02,OTT,R,FLA
hagueni01,OTT,R,NSH
leonajo01,OTT,R,DET
marchma01,OTT,R,CBJ
milleco02,OTT,R,WPG
morrijo04,OTT,R,WPG
nyquigu01,OTT,R,WPG
roberma02,OTT,R,NYR
rossima01,OTT,R,VAN
samsoil01,OTT,R,WSH
schwico01,OTT,R,FLA
sebrado01,OTT,R,FLA
soucyca01,OTT,R,NYI
svechfe01,OTT,R,NSH
verhaca01,OTT,R,FLA
wangsi01,OTT,R,SJS
zaryco01,OTT,R,CGY
carrial01,OTT,,MTL
granshe01,OTT,,LAK
gustafi01,OTT,,MIN
pettelu01,OTT,,ANA
poulisa01,OTT,,PIT
stastsp01,OTT,,EDM
steeval02,OTT,,BOS
svechan01,OTT,,CAR
vatrafr01,OTT,,ANA
bluegte01,PHI,R,VAN
cowanea01,PHI,R,TOR
fiskeos01,PHI,R,SEA
hameele01,PHI,R,NJD
lachash01,PHI,R,NJD
lundean01,PHI,R,FLA
miromda01,PHI,R,CGY
raddyta01,PHI,R,NYR
surineg01,PHI,R,NSH
blumema01,PHI,,BOS
bumpal01,PHI,,PHI
chatfja01,PHI,,CAR
durzise01,PHI,R,UTA
eicheja01,PHI,,VEG
gillsp01,PHI,R,PHI
goncaga01,PHI,,TBL
hallist01,PHI,,OTT
hryckju01,PHI,,DAL
kadrina01,PHI,,COL
landega01,PHI,,COL
luchaje01,PHI,,PHI
lundkni01,PHI,,DAL
martiem01,PHI,,TBL
peterjo01,PHI,,UTA
seguity01,PHI,R,DAL
spurgja01,PHI,,MIN
staaljo01,PHI,,CAR
ullmali01,PHI,,OTT
vansash01,PHI,R,PHI
vladada01,PHI,,PHI
walmaja01,PHI,,EDM
yorkca01,PHI,,PHI
zavraeg01,PHI,R,PHI
zubar01,PHI,,OTT
chernig01,PIT,R,SJS
commedr01,PIT,R,CHI
danfobe01,PIT,R,TOR
dragilu01,PIT,R,SEA
eiserco01,PIT,R,NYI
emeryer01,PIT,R,NYR
fabbrda01,PIT,R,CBJ
greenry01,PIT,R,CHI
halttka01,PIT,R,SJS
hutsoco01,PIT,R,WSH
jiricad01,PIT,R,STL
lambebr01,PIT,R,WPG
meyerbe01,PIT,R,SEA
mustyqu01,PIT,R,SJS
nemecsi01,PIT,R,NJD
obrieja02,PIT,R,SEA
schaema01,PIT,R,NYI
tkachma01,PIT,R,FLA
tolvaee01,PIT,R,SEA
woodma01,PIT,R,NSH
brindga01,PIT,,COL
demidiv01,PIT,,MTL
foersty01,PIT,,PHI
greigri01,PIT,,OTT
hagenja01,PIT,,BOS
hartca01,PIT,,VEG
howaris01,PIT,,EDM
lauzoje01,PIT,,VEG
lindbca01,PIT,,VEG
necasma01,PIT,,COL
simasdm01,PIT,,UTA
stramch01,PIT,,MIN
tomasph01,PIT,,PIT
brobeph01,SEA,R,STL
buchedm01,SEA,R,STL
cossase01,SEA,R,DET
daniena01,SEA,R,DET
delmaet01,SEA,R,CHI
eklunwi01,SEA,R,SJS
fiddlbl01,SEA,R,SEA
gastrmi01,SEA,R,WSH
johnske01,SEA,R,CBJ
korchke01,SEA,R,CHI
leery01,SEA,R,NSH
mustajo01,SEA,R,CHI
nedelal01,SEA,R,SJS
neighja01,SEA,R,STL
ohgreli01,SEA,R,VAN
romanal01,SEA,R,NYI
sambedy01,SEA,R,WPG
smithbr05,SEA,R,CBJ
snuggji01,SEA,R,STL
thomaro01,SEA,R,STL
woodmi01,SEA,R,CBJ
dobsono01,SEA,,MTL
epperkr01,SEA,,LAK
fabbrro01,SEA,,MIN
hallqth01,SEA,,MIN
kahkoka01,SEA,,MIN
kellecl01,SEA,,UTA
konectr01,SEA,,PHI
pelleja01,SEA,,TBL
rooneke01,SEA,,UTA
smithta01,SEA,,ANA
sodervi01,SEA,,BOS
strubja01,SEA,,MTL
swaymje01,SEA,,BOS
allanno01,SJS,R,CHI
bashaan01,SJS,R,CGY
dunnvi02,SJS,R,SEA
georgis01,SJS,R,NYI
gibsojo02,SJS,R,DET
goodrba01,SJS,R,SJS
grafco01,SJS,R,SJS
jennebo01,SJS,R,CBJ
kartyty01,SJS,R,NYR
lafreal01,SJS,R,NYR
lakovly01,SJS,R,WSH
mateyde01,SJS,R,CBJ
reavery01,SJS,R,SJS
regenpa01,SJS,R,SJS
rittida01,SJS,R,NYI
sarosju01,SJS,R,NSH
vanrija01,SJS,R,DET
villena01,SJS,R,SEA
amadimi01,SJS,,OTT
bouchev01,SJS,,EDM
capobky01,SJS,,DAL
dewarco01,SJS,,PIT
drysdja01,SJS,,PHI
ehlerni01,SJS,,CAR
harkija01,SJS,,ANA
huntda01,SJS,,MIN
kempead01,SJS,,LAK
killoal01,SJS,,ANA
kivirjo01,SJS,,COL
montesa01,SJS,,MTL
moverja01,SJS,,LAK
velenjo01,SJS,,MTL
weegama01,SJS,,UTA
zachapa01,SJS,,BOS
zellwol01,SJS,,ANA
berggjo02,STL,R,STL
brattje01,STL,R,NJD
cagnolu01,STL,R,SJS
carboju01,STL,R,STL
evansry01,STL,R,SEA
feherma01,STL,R,WSH
kakkoka01,STL,R,SEA
kevanbe01,STL,R,NJD
mahurjo01,STL,R,SEA
marqumi01,STL,R,NSH
meierti01,STL,R,NJD
mooreol01,STL,R,CHI
priceca02,STL,R,SEA
robersi01,STL,R,STL
rosenis01,STL,R,WPG
stigate01,STL,R,NSH
tarasda02,STL,R,FLA
bennja01,STL,,DAL
boldyma01,STL,,MIN
erssosa01,STL,,PHI
geekimo01,STL,,BOS
helenko01,STL,,BUF
johnsry03,STL,R,BUF
klebead01,STL,R,BUF
kyrouch01,STL,R,DAL
leinoto02,STL,,BUF
mcnabbr01,STL,,VEG
mintypa01,STL,,ANA
mitteca01,STL,,BOS
nilsoer01,STL,,ANA
peekean01,STL,,BOS
petroal01,STL,,DAL
reichlu01,STL,,BOS
schmani01,STL,,UTA
sergami01,STL,,UTA
zettefa01,STL,,OTT
chrisja01,TBL,R,CBJ
colembl01,TBL,R,CGY
deangan01,TBL,R,NYI
ferrama01,TBL,R,SJS
gaudead01,TBL,R,SJS
gaudrfr01,TBL,R,SEA
kessema01,TBL,R,STL
laffesa01,TBL,R,CHI
martisp01,TBL,R,NYR
pelecad01,TBL,R,NYI
perbini01,TBL,R,NSH
ravenjo01,TBL,R,SJS
whiteza01,TBL,R,CGY
bedkoda01,TBL,,BUF
burnsbr01,TBL,,COL
carcomi01,TBL,,UTA
georgca01,TBL,R,LAK
girgeze01,TBL,,TBL
hartmry01,TBL,,MIN
holmbpo01,TBL,,TBL
jeannta01,TBL,,BOS
lamboca01,TBL,,MIN
luukkuk01,TBL,,BUF
lyonal01,TBL,,BUF
malenbe01,TBL,,BUF
pastrda01,TBL,,BOS
prishni01,TBL,,COL
quinnja01,TBL,,BUF
rustbr01,TBL,,PIT
stanllo01,TBL,,BUF
thompta01,TBL,,BUF
tuchal01,TBL,,BUF
wahlban01,TBL,,BUF
backlmi01,TOR,R,CGY
bahlke01,TOR,R,CGY
bainsar01,TOR,R,VAN
bearet01,TOR,R,---
bobrose01,TOR,R,FLA
chadwno01,TOR,R,TOR
deshavi01,TOR,R,SJS
domima01,TOR,R,TOR
ekmanol01,TOR,R,TOR
groulbe01,TOR,R,TOR
hinosvi01,TOR,R,FLA
hollju01,TOR,R,STL
karlsli01,TOR,R,VAN
kniesma01,TOR,R,TOR
kuzneya01,TOR,R,CGY
lankike01,TOR,R,VAN
lowryad01,TOR,R,WPG
maccema01,TOR,R,TOR
mccabja01,TOR,R,TOR
mcmanbo02,TOR,R,SEA
nylanwi01,TOR,R,TOR
paterji01,TOR,R,VAN
pezzemi01,TOR,R,TOR
roberni01,TOR,R,TOR
sharaye01,TOR,R,CGY
stechtr01,TOR,R,TOR
sunieay01,TOR,R,CGY
armiajo01,TOR,,LAK
colansa01,TOR,,ANA
jenseni02,TOR,,OTT
kaliyar01,TOR,,OTT
kovalni01,TOR,,COL
obrieli01,TOR,,UTA
binnijo01,UTA,R,STL
cuyllwi01,UTA,R,NYR
fernsme01,UTA,R,VAN
hoglani01,UTA,R,VAN
hollody01,UTA,R,STL
hronefi01,UTA,R,VAN
lekkejo01,UTA,R,VAN
lundeis01,UTA,R,CBJ
medveal01,UTA,R,VAN
myniosa01,UTA,R,VAN
nymanja01,UTA,R,SEA
petteel01,UTA,R,VAN
petteel02,UTA,R,VAN
rasmumi01,UTA,R,DET
schenbr01,UTA,R,NYI
skjeibr01,UTA,R,NSH
spellaj01,UTA,R,CHI
stamkst01,UTA,R,NSH
anderra01,UTA,,VEG
bastina01,UTA,,DAL
blankni01,UTA,,COL
butda01,UTA,,UTA
catesno01,UTA,,PHI
coleia01,UTA,,UTA
edmunjo01,UTA,,LAK
horcowi01,UTA,,PIT
hughequ01,UTA,,MIN
kolyavl01,UTA,,BOS
mcbaija03,UTA,,UTA
moorewi01,UTA,,BOS
pointbr01,UTA,,TBL
schmiak01,UTA,,VEG
sidorye01,UTA,,ANA
sturmni01,UTA,,MIN
allenja01,VAN,R,NJD
beniema01,VAN,R,SEA
demkoth01,VAN,R,VAN
fleurca01,VAN,R,SEA
frondan01,VAN,R,CHI
kemeljo01,VAN,R,NSH
lindsca01,VAN,R,CBJ
luostee01,VAN,R,FLA
matthau01,VAN,R,TOR
mazurca01,VAN,R,DET
morrosc02,VAN,R,NYR
perrega01,VAN,R,NYR
pulocry01,VAN,R,NYI
raymolu01,VAN,R,DET
tanevch01,VAN,R,TOR
beckow01,VAN,,MTL
blaissa01,VAN,,MTL
cecico01,VAN,,LAK
davidja01,VAN,,MTL
druryja01,VAN,,COL
engstad01,VAN,,MTL
guhleka01,VAN,,MTL
jiricda01,VAN,,PHI
koivuaa01,VAN,,MTL
kuralse01,VAN,,BOS
mintefr01,VAN,,BOS
moonejo01,VAN,,MTL
ritchry01,VAN,,MIN
turcoal02,VAN,,LAK
xhekaar01,VAN,,MTL
xhekafl01,VAN,,MTL
zharoal01,VAN,,MTL
chychja01,VEG,R,WSH
duclaan01,VEG,R,NYI
duhaibr01,VEG,R,WSH
hamblja01,VEG,R,---
hugheja03,VEG,R,NJD
ioriovi01,VEG,R,NYR
mcilrdy01,VEG,R,WSH
mckowhu01,VEG,R,---
mcmicco01,VEG,R,WSH
nosekto01,VEG,R,FLA
protaal01,VEG,R,WSH
sandira01,VEG,R,WSH
sherwki01,VEG,R,SJS
sourdju01,VEG,R,WSH
stevecl01,VEG,R,WSH
vanritr01,VEG,R,WSH
vilarga01,VEG,R,WPG
wolfdu01,VEG,R,CGY
barbaiv01,VEG,,VEG
behrese01,VEG,,COL
chaboth01,VEG,,OTT
chaffmi01,VEG,,TBL
dowdni01,VEG,,VEG
dumoubr01,VEG,,LAK
dvorach01,VEG,,PHI
johanma03,VEG,,MIN
kapanol01,VEG,,MTL
lyubuil01,VEG,,DAL
mcdonry01,VEG,,TBL
samuema02,VEG,,BUF
sogaama01,VEG,,OTT
steelsa01,VEG,,DAL
stuetti02,VEG,,OTT
webbeca01,VEG,,CAR
crevilo01,WPG,R,CHI
dellaty01,WPG,R,SJS
faulkju01,WPG,R,DET
horvabo01,WPG,R,NYI
kanepa01,WPG,R,DET
klingjo01,WPG,R,SJS
zibanmi01,WPG,R,NYR
blackco01,WPG,,DAL
blackma01,WPG,,COL
brazeju01,WPG,,PIT
bruniha01,WPG,R,PIT
doughdr01,WPG,,LAK
faksara01,WPG,,DAL
hallta02,WPG,,CAR
huttobe01,WPG,R,VEG
ingraco01,WPG,,EDM
jarrytr01,WPG,R,EDM
karlser01,WPG,,PIT
koivuvi01,WPG,R,PIT
kopitan01,WPG,,LAK
krebspe01,WPG,,BUF
kulakbr01,WPG,,COL
letankr01,WPG,,PIT
lizotbl01,WPG,,PIT
malkiev01,WPG,,PIT
mcgroru01,WPG,R,PIT
murasse01,WPG,R,PIT
murphco02,WPG,,EDM
novakth01,WPG,,PIT
petryje01,WPG,,MIN
pickaca01,WPG,R,EDM
rakelri01,WPG,,PIT
saadbr01,WPG,R,VEG
sheary01,WPG,,PIT
stivajo01,WPG,R,PIT
treniya01,WPG,,MIN
boqviad01,WSH,R,NYI
carlobr01,WSH,R,TOR
cizikca01,WSH,R,NYI
comphj.01,WSH,R,DET
freijal01,WSH,R,WPG
grubaph01,WSH,R,SEA
kudryki01,WSH,R,VAN
kuninlu01,WSH,R,FLA
leddyni01,WSH,R,SJS
marchbr03,WSH,R,FLA
merzlel01,WSH,R,CBJ
mirosiv01,WSH,R,WSH
monahse01,WSH,R,CBJ
reidca01,WSH,R,NSH
vaakaur01,WSH,R,NYR
wilsoto01,WSH,R,WSH
bonkol01,WSH,,PHI
carrisa01,WSH,,BUF
forsban01,WSH,,LAK
glendlu01,WSH,,PHI
greenli01,WSH,,LAK
hemmiem01,WSH,,DAL
jellvos01,WSH,,BOS
jokihhe01,WSH,,BOS
kotkaje01,WSH,,CAR
lyselfa01,WSH,,BOS
manthan01,WSH,,PIT
mcavoch01,WSH,,BOS
mcleory01,WSH,,BUF
merkuge01,WSH,,BOS
nurseda01,WSH,,EDM
rantami01,WSH,,DAL
sanhetr01,WSH,,PHI
stenlke01,WSH,,UTA
zellewi01,WSH,,BOS