hockeyRef,team,pos,stats/gp,stats/goals,stats/assists,stats/pim,stats/plusMinus,stats/ppg,stats/shg,stats/gwg,stats/how,stats/fol,stats/shots,stats/blocks,stats/hits,stats/toi,stats/take,stats/give,stats/wins,stats/losses,stats/ties,stats/ga,stats/sa,stats/so
mcdavco01,EDM,C,37,23,39,14,0,7,1,1,187,199,122,15,14,838,13,60,,,,,,
mackina01,COL,C,35,30,31,12,45,7,0,4,338,361,161,21,28,769,10,65,,,,,,
celebma01,SJS,F,36,18,36,28,12,4,0,4,263,287,111,19,22,741,17,57,,,,,,
draisle01,EDM,C,37,17,35,16,9,8,1,1,325,252,101,10,18,814,11,58,,,,,,
rantami01,DAL,RW,36,14,35,69,0,4,0,1,24,24,88,18,26,718,13,43,,,,,,
necasma01,COL,C,35,16,31,22,34,3,0,0,9,9,77,12,34,725,9,60,,,,,,
kucheni01,TBL,RW,32,13,32,16,9,3,0,3,0,1,99,12,11,659,10,52,,,,,,
bedarco01,CHI,C,31,19,25,30,8,5,0,3,148,167,103,15,9,652,13,42,,,,,,
roberja01,DAL,LW,37,23,21,10,17,9,0,3,0,1,141,15,24,726,11,54,,,,,,
boldyma01,MIN,LW,37,22,21,20,12,6,2,2,24,33,123,29,25,786,15,39,,,,,,
connoky01,WPG,LW,35,17,26,8,6,2,2,1,0,0,119,6,10,727,8,28,,,,,,
makarca01,COL,D,35,11,32,16,32,2,0,3,0,0,105,61,16,881,24,34,,,,,,
scheima01,WPG,C,35,17,26,22,9,4,0,2,274,293,72,14,11,718,8,48,,,,,,
kapriki01,MIN,LW,37,22,20,12,2,8,0,2,0,2,124,16,17,820,9,57,,,,,,
carlsle01,ANA,C,36,17,24,25,10,3,2,3,277,327,89,13,5,714,17,38,,,,,,
eicheja01,VEG,C,31,12,29,2,6,0,0,3,232,256,117,21,16,661,16,54,,,,,,
johnswy01,DAL,C,37,19,22,10,-1,13,0,3,185,204,93,28,11,743,9,20,,,,,,
debrial01,DET,RW,37,20,20,10,5,9,0,4,6,16,135,16,16,668,17,35,,,,,,
marchbr03,FLA,LW,34,20,20,26,-2,3,0,2,1,6,96,14,25,631,12,35,,,,,,
suzukni01,MTL,C,36,10,30,6,10,6,0,0,307,324,74,33,25,744,10,28,,,,,,
werenza01,CBJ,D,35,14,26,6,6,1,0,0,0,0,132,52,17,937,20,61,,,,,,
geekimo01,BOS,C,37,25,14,12,-3,7,0,4,49,57,92,12,62,650,7,29,,,,,,
pastrda01,BOS,RW,32,14,25,28,-9,7,0,2,1,1,111,13,44,638,12,56,,,,,,
guentja01,TBL,C,36,17,21,13,6,4,1,3,74,80,98,21,15,747,13,26,,,,,,
raymolu01,DET,LW,35,11,27,4,6,4,0,3,1,0,77,16,16,662,16,40,,,,,,
stuetti02,OTT,LW,35,17,21,22,6,5,1,3,176,149,90,25,59,716,16,48,,,,,,
crosbsi01,PIT,C,35,20,17,28,-7,8,0,2,406,321,84,15,32,691,11,38,,,,,,
gauthcu01,ANA,LW,37,18,18,16,13,4,0,3,26,31,141,9,28,661,11,37,,,,,,
marnemi01,VEG,RW,34,7,29,10,8,1,0,0,21,20,62,21,13,686,14,46,,,,,,
nylanwi01,TOR,C,31,11,25,12,-2,2,0,2,18,30,64,12,4,605,12,34,,,,,,
panarar01,NYR,LW,37,13,23,14,-4,0,0,2,0,0,113,7,6,772,8,44,,,,,,
zegratr01,PHI,C,35,15,21,28,1,5,0,2,51,76,81,9,11,653,11,36,,,,,,
bathedr01,OTT,C,32,14,21,12,5,5,0,2,5,4,68,13,47,581,12,23,,,,,,
caufico01,MTL,RW,36,17,18,8,6,3,0,5,2,7,98,10,30,660,13,18,,,,,,
reinhsa01,FLA,C,35,19,16,4,-8,6,3,5,31,57,92,22,31,732,8,24,,,,,,
terrytr01,ANA,C,37,10,25,8,11,0,2,1,2,3,93,11,0,701,12,29,,,,,,
larkidy01,DET,C,37,18,16,26,6,4,0,4,405,352,113,23,17,761,11,34,,,,,,
wilsoto01,WSH,RW,36,17,17,54,16,6,0,2,11,11,84,23,97,707,8,42,,,,,,
bouchev01,EDM,D,37,6,27,12,2,3,0,1,0,0,92,48,11,891,19,55,,,,,,
heiskmi01,DAL,D,37,7,26,12,9,1,1,2,0,0,78,66,5,959,27,42,,,,,,
hutsola01,MTL,D,36,5,27,4,3,1,0,1,0,0,61,57,18,845,16,45,,,,,,
kellecl01,UTA,C,38,12,20,10,2,0,0,3,10,13,106,18,6,726,11,46,,,,,,
schmani01,UTA,C,38,12,20,8,0,3,0,3,141,170,90,28,11,743,18,41,,,,,,
thompta01,BUF,C,35,18,14,17,-12,3,0,1,157,171,123,18,38,660,13,31,,,,,,
ahose01,CAR,F,35,13,18,14,2,3,0,2,270,287,84,11,30,704,17,44,,,,,,
hagelbr01,TBL,LW,32,18,13,20,18,2,1,4,16,19,95,18,25,612,15,39,,,,,,
horvabo01,NYI,C,32,19,12,26,5,5,1,3,335,245,111,14,19,654,7,38,,,,,,
kadrina01,CGY,C,36,8,23,18,-8,2,0,1,238,237,113,14,23,712,8,40,,,,,,
konectr01,PHI,RW,35,10,21,21,10,1,0,1,10,26,78,22,47,665,10,52,,,,,,
ovechal01,WSH,LW,36,14,17,4,5,2,0,3,2,0,95,6,54,641,2,33,,,,,,
tavarjo01,TOR,C,35,14,17,16,-7,2,0,1,337,222,96,6,34,636,16,36,,,,,,
vilarga01,WPG,C,35,16,15,12,-3,6,0,2,24,26,75,15,10,652,8,29,,,,,,
guentdy01,UTA,RW,38,16,14,8,0,4,0,5,16,21,121,13,34,652,8,36,,,,,,
hintzro01,DAL,LW,32,11,19,10,14,4,0,1,254,193,73,9,29,555,1,27,,,,,,
kempead01,LAK,LW,35,13,17,28,7,1,0,5,16,24,100,19,69,673,11,27,,,,,,
nugenry01,EDM,C,28,10,20,6,-8,6,0,1,65,76,46,8,12,534,6,17,,,,,,
oreilry01,NSH,C,35,10,20,4,6,1,1,5,336,262,59,24,9,685,25,20,,,,,,
barzama01,NYI,C,35,10,19,20,7,1,0,1,117,197,82,25,15,744,17,40,,,,,,
brattje01,NJD,W,36,6,23,8,-6,2,1,2,0,0,79,12,37,684,17,32,,,,,,
jarvise01,CAR,C,34,19,10,6,0,1,2,4,20,30,110,13,43,648,19,33,,,,,,
kniesma01,TOR,LW,32,7,22,8,-2,2,0,0,0,0,67,14,81,640,8,31,,,,,,
lehkoar01,COL,LW,35,13,16,4,32,1,0,0,0,4,89,20,26,688,10,25,,,,,,
malkiev01,PIT,C,26,8,21,20,5,2,0,1,94,114,66,7,10,455,8,28,,,,,,
morrijo04,WPG,D,35,5,24,12,9,1,0,0,0,0,63,67,21,851,9,40,,,,,,
rustbr01,PIT,RW,33,12,17,12,-7,3,0,3,0,3,85,35,10,674,5,35,,,,,,
smithwi01,SJS,C,33,12,17,12,5,3,0,3,8,21,80,7,7,591,8,29,,,,,,
tuchal01,BUF,RW,34,11,18,41,4,2,1,1,14,18,87,38,37,633,13,24,,,,,,
carlsjo01,WSH,D,32,7,21,12,9,0,0,0,0,0,66,42,12,725,22,54,,,,,,
chychja01,WSH,D,36,14,14,33,22,4,0,3,0,0,125,42,34,837,16,45,,,,,,
dahlira01,BUF,D,32,4,24,37,-5,2,0,0,0,0,87,40,27,774,16,60,,,,,,
demidiv01,MTL,RW,36,8,20,18,-1,2,0,2,0,0,48,13,15,536,10,28,,,,,,
forsbfi01,NSH,C,35,16,12,20,1,1,0,1,6,12,112,14,68,650,22,46,,,,,,
hischni01,NJD,C,36,10,18,14,-3,2,0,1,401,340,89,35,29,750,16,33,,,,,,
sennebe01,ANA,F,37,11,17,28,0,1,1,0,2,1,70,12,36,615,9,36,,,,,,
verhaca01,FLA,C,34,11,17,10,4,2,0,2,16,27,85,12,34,602,9,24,,,,,,
cozendy01,OTT,C,35,11,16,34,-9,6,0,0,207,170,81,12,102,614,8,25,,,,,,
hertlto01,VEG,C,34,14,13,8,-6,7,0,2,319,227,97,16,44,610,10,25,,,,,,
johanma03,MIN,C,35,11,16,6,17,3,0,4,5,7,54,10,15,566,12,30,,,,,,
lundean01,FLA,C,35,11,16,18,-5,3,1,2,333,307,77,28,41,666,6,33,,,,,,
marchki01,CBJ,RW,32,11,16,14,3,3,1,2,0,1,94,19,28,603,18,40,,,,,,
peterjo01,UTA,RW,38,14,13,16,5,1,0,2,4,7,81,10,9,640,10,39,,,,,,
raddyda01,TBL,D,30,8,19,17,7,4,0,1,0,0,67,24,27,631,6,29,,,,,,
seidemo01,DET,D,37,6,21,33,13,1,0,1,0,0,86,80,63,929,15,44,,,,,,
stonema01,VEG,RW,18,7,20,0,5,4,0,1,1,2,47,12,9,347,8,22,,,,,,
thomaro01,STL,C,34,9,18,10,0,3,1,0,312,272,53,21,7,646,17,51,,,,,,
zibanmi01,NYR,C,37,12,15,6,-9,7,1,2,255,240,107,22,55,763,15,49,,,,,,
bertuty01,CHI,LW,32,16,10,22,-12,8,0,1,34,30,67,8,27,582,6,30,,,,,,
eriksjo02,MIN,C,37,8,18,16,8,2,0,2,398,399,107,17,61,736,10,25,,,,,,
foxad01,NYR,D,27,3,23,10,4,1,0,1,0,0,51,41,15,643,18,31,,,,,,
gostish01,CAR,D,26,3,23,4,9,2,0,0,0,0,43,26,10,526,9,29,,,,,,
karlser01,PIT,D,35,3,23,12,-4,2,0,0,0,0,78,35,6,846,17,56,,,,,,
sandeja01,OTT,D,35,7,19,2,4,2,0,1,0,0,76,63,12,884,23,41,,,,,,
stromdy01,WSH,C,34,6,20,20,13,0,0,1,323,245,57,24,8,615,7,27,,,,,,
zachapa01,BOS,C,36,10,16,22,-5,4,0,1,227,196,57,14,31,630,11,24,,,,,,
hughequ01,2TM,D,31,3,23,12,-8,2,0,0,0,0,85,39,3,853,11,43,,,,,,
anderra01,CGY,D,36,7,18,38,5,2,0,0,0,0,91,69,18,867,11,52,,,,,,
barbaiv01,VEG,C,34,11,14,6,3,1,0,1,5,19,55,17,52,548,7,35,,,,,,
bennesa01,FLA,C,35,12,13,28,3,1,0,4,240,244,90,15,71,620,13,35,,,,,,
nelsobr01,COL,C,35,14,11,16,11,3,0,3,306,304,70,29,19,649,9,22,,,,,,
sergami01,UTA,D,38,4,21,24,-7,2,0,0,0,0,81,65,18,930,15,54,,,,,,
doanjo01,BUF,RW,35,10,14,12,-7,4,0,1,4,5,89,10,30,557,26,30,,,,,,
dvorach01,PHI,C,34,8,16,10,8,0,0,1,218,181,60,21,16,577,6,22,,,,,,
ehlerni01,CAR,LW,35,8,16,6,4,2,0,3,10,14,89,8,6,579,12,37,,,,,,
evanglu01,NSH,RW,34,5,19,8,7,1,0,0,0,1,77,5,7,550,11,28,,,,,,
giroucl01,OTT,C,35,7,17,10,8,1,0,1,224,113,58,14,30,610,8,27,,,,,,
riellmo01,TOR,D,34,5,19,6,-7,0,0,2,0,0,70,51,14,744,10,53,,,,,,
schaema01,NYI,D,36,9,15,18,6,5,0,2,0,0,98,50,15,854,19,47,,,,,,
vorondi01,CBJ,LW,36,13,11,42,0,6,0,0,4,16,71,10,55,574,6,32,,,,,,
burakan01,CHI,LW,30,9,14,8,-5,2,0,1,0,4,40,13,8,517,16,26,,,,,,
coolelo01,UTA,C,29,14,9,22,6,3,1,1,133,189,59,13,34,516,11,37,,,,,,
dorofpa01,VEG,LW,34,15,8,10,-8,10,0,1,0,0,93,17,15,598,3,26,,,,,,
fantiad01,CBJ,C,36,12,11,13,-12,3,0,2,209,204,95,24,37,667,14,39,,,,,,
fialake01,LAK,LW,35,12,11,24,-7,3,0,2,3,9,101,15,18,664,10,47,,,,,,
kanepa01,DET,RW,24,6,17,8,-2,1,0,2,0,1,70,10,6,413,1,27,,,,,,
leean01,NYI,LW,36,9,14,21,1,3,0,2,27,22,89,19,31,563,8,17,,,,,,
lindhel01,BOS,C,27,5,18,28,-1,4,0,1,234,198,39,24,24,462,5,21,,,,,,
matthau01,TOR,C,30,14,9,12,4,3,0,2,301,198,111,51,19,626,13,30,,,,,,
meierti01,NJD,RW,31,11,12,10,-6,5,0,1,22,23,100,21,62,584,9,34,,,,,,
merceda01,NJD,C,36,10,13,12,9,3,2,1,77,111,73,28,19,677,13,33,,,,,,
slafkju01,MTL,LW,36,10,13,20,3,7,0,1,10,23,71,32,58,641,3,24,,,,,,
svechan01,CAR,RW,35,8,15,24,-4,4,0,1,4,4,96,7,57,589,8,37,,,,,,
toffoty01,SJS,C,36,10,13,2,-2,2,0,0,2,6,82,18,24,571,7,25,,,,,,
blakeja02,CAR,RW,35,10,12,24,0,1,0,1,0,4,75,11,7,598,15,41,,,,,,
coylech01,CBJ,C,36,5,17,6,-5,0,0,0,284,278,47,21,55,630,17,23,,,,,,
eberljo01,SEA,RW,34,12,10,12,3,2,0,3,8,14,83,15,29,659,10,29,,,,,,
eklunwi01,SJS,LW,32,8,14,14,-17,3,0,0,0,7,82,23,23,631,8,35,,,,,,
ekmanol01,TOR,D,35,6,16,26,-3,0,0,0,0,0,52,32,47,721,9,49,,,,,,
kreidch01,ANA,LW,33,13,9,16,0,6,0,1,7,18,69,13,27,576,5,29,,,,,,
lacomja01,ANA,D,37,6,16,8,2,1,1,0,0,0,82,67,31,928,26,56,,,,,,
manthan01,PIT,RW,35,10,12,15,7,3,0,0,1,10,63,21,16,544,6,36,,,,,,
mctavma01,ANA,C,37,8,14,34,-3,2,0,2,236,243,72,21,37,603,9,30,,,,,,
millejt01,NYR,C,35,10,12,10,-11,3,0,3,294,197,77,12,74,726,5,35,,,,,,
petteel01,VAN,C,28,8,14,10,-8,2,1,0,298,326,54,51,28,577,15,28,,,,,,
protaal01,WSH,C,36,12,10,14,19,0,0,2,9,16,76,25,16,658,12,44,,,,,,
tippeow01,PHI,RW,35,11,11,20,0,1,0,0,3,4,83,19,64,577,6,37,,,,,,
wennbal01,SJS,C,36,7,15,8,-12,3,0,2,271,324,45,45,10,743,14,26,,,,,,
backlmi01,CGY,C,36,9,12,8,14,0,0,1,342,318,80,12,16,617,12,29,,,,,,
hugheja03,NJD,C,18,11,10,0,3,1,0,2,52,101,71,11,2,380,12,38,,,,,,
nazarfr01,CHI,C,33,6,15,20,-7,1,1,1,178,235,66,25,20,602,11,36,,,,,,
nichuva01,COL,RW,27,8,13,8,6,1,0,1,1,1,67,7,24,479,10,22,,,,,,
stephch02,SEA,C,34,9,12,6,-9,4,0,0,348,332,57,27,9,684,14,27,,,,,,
cirelan01,TBL,C,32,10,10,8,19,2,0,2,246,250,59,19,20,583,10,22,,,,,,
coppan01,DET,C,37,3,17,14,-2,0,0,0,197,157,49,25,20,556,9,29,,,,,,
coronma01,CGY,RW,35,11,9,14,-19,5,0,2,30,55,96,12,5,583,8,24,,,,,,
cuyllwi01,NYR,LW,38,9,11,22,-12,3,0,1,23,19,74,37,127,658,7,21,,,,,,
dobsono01,MTL,D,36,6,14,20,2,0,0,1,0,0,66,85,14,810,13,46,,,,,,
faulkju01,STL,D,38,10,10,22,-1,2,0,3,0,0,73,75,31,863,11,29,,,,,,
garlaco01,VAN,RW,30,7,13,13,-7,1,1,1,5,15,73,15,19,609,12,40,,,,,,
hronefi01,VAN,D,36,2,18,10,2,1,0,0,0,0,52,48,64,878,14,39,,,,,,
jonesse01,FLA,D,35,5,15,10,0,4,0,0,0,0,67,41,33,840,10,46,,,,,,
michkma01,PHI,RW,35,9,11,34,0,1,0,0,0,4,69,9,17,514,10,41,,,,,,
perroda01,OTT,LW,35,7,13,10,0,3,0,1,2,5,48,15,45,487,9,20,,,,,,
sherwki01,VAN,RW,36,16,4,20,-5,5,1,2,9,17,80,18,164,629,17,37,,,,,,
stamkst01,NSH,C,35,14,6,22,-8,2,0,5,125,99,83,13,27,606,12,31,,,,,,
theodsh01,VEG,D,31,4,16,6,5,1,0,2,0,0,74,48,1,744,12,39,,,,,,
tolvaee01,SEA,RW,34,5,15,12,-12,3,0,0,0,0,52,31,88,541,7,24,,,,,,
beniema01,SEA,C,34,4,15,8,-3,3,0,1,225,229,61,31,13,683,5,33,,,,,,
buchnpa01,STL,LW,38,5,14,10,-10,2,0,0,6,12,64,14,21,694,12,29,,,,,,
buntimi01,NSH,LW,35,9,10,6,-8,3,0,0,3,11,61,14,22,515,2,23,,,,,,
burnsbr01,COL,D,35,5,14,16,21,0,0,3,0,0,72,45,6,684,6,39,,,,,,
byfiequ01,LAK,C,34,4,15,14,1,1,0,2,192,288,75,17,22,678,17,34,,,,,,
catesno01,PHI,LW,35,8,11,10,13,1,0,2,201,267,63,30,34,598,11,16,,,,,,
coutuse01,PHI,C,34,5,14,14,1,0,0,1,315,263,52,25,35,606,13,31,,,,,,
dunnvi02,SEA,D,34,5,14,30,-15,1,0,1,0,0,81,38,10,765,11,47,,,,,,
faberbr01,MIN,D,37,6,13,6,7,0,1,1,0,0,82,80,14,911,23,52,,,,,,
frostmo01,CGY,C,36,8,11,18,-7,2,0,2,266,212,64,19,21,574,7,19,,,,,,
grafco01,SJS,F,35,9,10,2,2,0,1,1,3,5,40,29,34,562,12,18,,,,,,
huberjo01,CGY,LW,31,7,12,33,-1,2,0,1,3,4,50,17,18,579,7,37,,,,,,
hughelu01,NJD,D,36,3,16,22,-3,0,0,0,0,0,82,31,10,842,14,56,,,,,,
kapanol01,MTL,C,36,11,8,10,0,1,1,1,147,161,62,30,15,513,7,15,,,,,,
mcavoch01,BOS,D,25,1,18,30,-1,0,0,0,0,0,41,41,31,595,14,27,,,,,,
mcleory01,BUF,C,35,6,13,2,3,0,2,1,243,318,42,14,9,629,12,35,,,,,,
olofsvi01,COL,RW,35,7,12,4,0,2,0,2,3,5,73,9,6,462,7,29,,,,,,
pointbr01,TBL,C,29,6,13,8,-7,1,0,0,138,170,65,11,4,545,3,20,,,,,,
quinnja01,BUF,RW,35,7,12,10,-5,2,0,2,3,8,63,17,19,562,7,32,,,,,,
tarasvl01,MIN,RW,30,7,12,2,-1,1,0,1,5,4,59,14,27,461,8,20,,,,,,
farabjo01,CGY,LW,36,9,9,9,-3,1,3,0,13,17,68,27,29,617,8,30,,,,,,
finniem01,DET,C,37,8,10,4,3,3,0,1,10,18,66,26,61,621,14,40,,,,,,
haulaer01,NSH,LW,35,5,13,20,-13,2,0,0,214,198,50,19,45,585,10,23,,,,,,
heineem01,NYI,LW,36,12,6,12,3,2,0,0,4,3,74,28,124,576,4,21,,,,,,
kaneev01,VAN,LW,35,6,12,46,-5,2,0,1,9,19,89,14,62,608,8,29,,,,,,
lafreal01,NYR,LW,38,7,11,8,-7,1,0,1,4,17,69,23,59,659,12,23,,,,,,
landega01,COL,LW,35,6,12,25,13,1,0,1,62,37,75,16,53,552,10,19,,,,,,
leonary01,WSH,RW,29,7,11,12,7,1,0,2,5,4,61,9,43,386,8,30,,,,,,
malinsa01,COL,D,35,3,15,12,15,0,0,1,0,0,59,37,19,552,12,28,,,,,,
mcmicco01,WSH,C,36,5,13,8,5,1,0,1,159,227,69,18,15,596,15,21,,,,,,
nemecsi01,NJD,D,31,7,11,16,4,0,0,2,0,0,50,46,9,621,9,31,,,,,,
orlovdm01,SJS,D,36,1,17,22,-1,0,0,0,0,0,41,39,49,781,9,44,,,,,,
palmiky01,NYI,RW,25,6,12,8,-2,1,1,1,2,2,71,9,19,471,8,18,,,,,,
pintosh01,OTT,C,27,12,6,16,4,1,0,1,162,139,65,18,34,511,7,23,,,,,,
rodriev01,FLA,C,35,8,10,16,0,0,0,0,191,216,80,13,37,596,11,26,,,,,,
rosloja01,EDM,C,24,10,8,8,0,2,0,2,27,22,55,7,10,414,6,25,,,,,,
zuckeja01,BUF,LW,21,9,9,10,-10,5,0,1,17,37,49,4,22,327,3,19,,,,,,
boesebr01,VAN,RW,34,9,8,2,-15,1,0,2,32,44,77,15,18,650,6,20,,,,,,
brinkbo01,PHI,RW,35,9,8,18,-1,2,0,1,11,24,66,17,44,547,4,18,,,,,,
colembl01,CGY,C,36,10,7,25,12,0,3,2,9,13,83,26,84,612,10,35,,,,,,
debruja01,VAN,LW,36,9,8,4,-8,8,0,0,11,13,99,13,25,635,3,21,,,,,,
ekholma01,EDM,D,37,3,14,14,3,0,0,1,0,0,70,58,35,764,16,52,,,,,,
hallta02,CAR,LW,35,7,10,14,4,2,0,0,12,18,56,16,18,488,10,24,,,,,,
hollody01,STL,C,33,8,9,11,-11,1,0,1,11,10,76,26,91,589,4,20,,,,,,
kopitan01,LAK,C,31,6,11,6,10,3,0,1,348,262,44,28,18,587,9,31,,,,,,
letankr01,PIT,D,35,2,15,16,1,1,0,1,0,0,57,44,41,757,10,44,,,,,,
lindees01,DAL,D,37,4,13,6,20,0,0,0,0,0,39,85,18,887,17,62,,,,,,
marinjo01,UTA,D,38,2,15,8,15,0,1,0,0,0,33,37,10,776,9,50,,,,,,
mathemi01,MTL,D,34,4,13,18,10,0,0,1,0,0,43,74,23,851,15,38,,,,,,
monahse01,CBJ,C,36,5,12,8,-4,1,0,2,353,300,63,16,24,656,10,29,,,,,,
neighja01,STL,LW,26,10,7,14,-7,0,0,2,2,3,36,9,71,401,4,16,,,,,,
novakth01,PIT,C,35,6,11,8,-2,2,0,1,33,53,52,15,9,476,12,20,,,,,,
samosma01,FLA,RW,34,4,13,10,-4,2,0,0,0,0,75,15,66,511,5,24,,,,,,
seguity01,DAL,C,27,7,10,2,10,1,0,2,126,109,31,6,18,449,3,21,,,,,,
teravte01,CHI,F,34,6,11,4,-5,2,0,1,28,34,38,24,14,644,11,37,,,,,,
trochvi01,NYR,C,24,6,11,12,-7,0,0,1,210,169,40,21,89,504,11,28,,,,,,
troubja01,ANA,D,37,6,11,8,12,0,0,1,0,0,67,68,75,817,11,42,,,,,,
buiumze01,2TM,D,36,4,13,10,-8,3,0,1,0,0,35,20,11,675,6,34,,,,,,
bensoza01,BUF,LW,22,3,13,10,4,1,0,2,3,4,41,9,10,375,9,18,,,,,,
bjorkol01,TBL,RW,36,6,10,2,-6,5,0,1,5,7,59,18,33,517,7,21,,,,,,
bolduza01,MTL,C,36,9,7,14,-6,3,0,1,13,13,54,15,63,502,8,28,,,,,,
drouijo01,NYI,LW,30,3,13,17,3,0,0,0,54,45,43,13,6,549,5,17,,,,,,
drysdja01,PHI,D,35,3,13,18,3,0,0,1,0,0,37,40,7,759,6,23,,,,,,
gritsar01,NJD,RW,32,7,9,12,-3,2,0,0,4,4,73,9,31,485,11,21,,,,,,
hymanza01,EDM,LW,18,9,7,8,2,4,0,1,0,1,46,4,31,359,2,4,,,,,,
kyroujo01,STL,C,28,8,8,0,-9,1,0,0,0,1,69,12,6,453,9,13,,,,,,
mcmanbo02,TOR,F,34,9,7,32,1,1,0,2,4,3,59,13,74,482,4,9,,,,,,
montobr01,SEA,D,27,6,10,21,-4,1,0,1,0,0,68,35,34,592,14,37,,,,,,
podkova01,EDM,RW,37,9,7,13,12,0,0,4,11,22,56,22,117,572,5,23,,,,,,
pulocry01,NYI,D,36,1,15,2,5,0,0,0,0,0,48,64,27,756,11,42,,,,,,
sanhetr01,PHI,D,35,3,13,10,4,1,0,1,0,0,44,65,22,878,14,49,,,,,,
stanklo01,CAR,C,35,6,10,17,4,0,0,1,190,251,78,10,16,543,13,20,,,,,,
tkachbr01,OTT,LW,15,6,10,8,0,1,0,2,38,31,67,4,45,267,4,11,,,,,,
zettefa01,OTT,W,35,9,7,6,-1,4,0,1,2,4,64,13,66,514,6,17,,,,,,
marchma01,2TM,F,31,7,9,28,-4,2,0,2,10,21,53,10,39,527,10,40,,,,,,
amadimi01,OTT,C,35,7,8,10,4,0,0,1,3,6,50,23,53,548,13,26,,,,,,
armiajo01,LAK,RW,35,8,7,20,6,1,3,0,8,17,45,20,30,501,20,25,,,,,,
brownco02,NJD,RW,29,9,6,6,1,0,1,1,4,8,42,22,11,483,8,17,,,,,,
clarkbr02,LAK,D,35,5,10,18,5,1,0,2,0,0,66,54,18,645,12,42,,,,,,
crousla01,UTA,LW,38,9,6,12,2,0,1,2,17,26,61,27,103,592,5,21,,,,,,
faksara01,DAL,C,36,1,14,12,8,0,0,0,160,113,19,27,44,426,9,13,,,,,,
granlmi01,ANA,C,19,7,8,8,0,1,0,0,120,113,41,12,13,333,3,16,,,,,,
hartmry01,MIN,RW,33,9,6,17,-1,4,0,3,180,232,71,38,33,527,13,24,,,,,,
jeannta01,BOS,F,37,4,11,32,1,0,0,1,7,6,42,31,110,509,3,28,,,,,,
jennebo01,CBJ,C,22,5,10,15,-5,1,0,1,62,49,50,24,46,361,3,17,,,,,,
josiro01,NSH,D,23,2,13,16,-7,0,0,0,0,0,56,33,8,533,12,31,,,,,,
klingjo01,SJS,D,27,8,7,14,0,4,0,2,0,0,40,36,21,583,6,30,,,,,,
kurasph01,SJS,C,31,6,9,8,0,0,0,1,24,27,49,8,30,496,5,27,,,,,,
laferal01,LAK,RW,35,7,8,6,2,0,2,1,58,78,74,19,95,582,6,36,,,,,,
levshar01,CHI,D,33,1,14,22,-10,0,0,0,0,0,41,35,33,578,6,40,,,,,,
mccabja01,TOR,D,35,3,12,25,12,0,0,0,0,0,24,91,51,766,12,48,,,,,,
mitteca01,BOS,C,27,8,7,2,-3,1,0,0,65,51,29,11,5,405,4,30,,,,,,
niedeni01,WPG,RW,35,6,9,8,-4,1,0,1,3,2,47,12,49,488,5,28,,,,,,
perryco01,LAK,RW,29,7,8,31,4,1,0,0,4,8,57,6,14,391,3,24,,,,,,
schwaja01,SEA,C,23,8,7,8,6,2,1,2,12,6,48,20,24,395,13,27,,,,,,
sillico01,CBJ,C,35,3,12,16,-1,0,0,1,14,26,67,14,39,564,13,36,,,,,,
staaljo01,CAR,C,32,10,5,23,1,2,0,0,369,289,44,18,55,498,5,22,,,,,,
yorkca01,PHI,D,28,2,13,10,0,1,0,0,0,0,27,54,4,651,8,29,,,,,,
zellwol01,ANA,D,36,5,10,18,9,1,0,1,0,0,63,38,20,647,12,30,,,,,,
arvidvi01,BOS,LW,25,7,7,6,1,1,0,3,6,4,65,14,8,356,5,20,,,,,,
blankni01,NSH,D,25,4,10,6,-7,3,0,0,0,2,39,29,19,469,8,28,,,,,,
brazeju01,PIT,F,21,8,6,4,1,1,0,2,0,1,34,17,37,282,3,16,,,,,,
byrambo01,BUF,D,35,6,8,12,-9,1,0,2,0,0,46,44,22,752,8,41,,,,,,
coltoro01,COL,C,35,5,9,7,6,0,0,2,29,33,76,16,82,457,7,30,,,,,,
donatry01,CHI,C,35,8,6,24,-6,1,0,2,73,83,59,7,41,520,10,23,,,,,,
eyssimi01,BOS,C,35,6,8,21,-6,1,0,1,1,3,76,10,26,411,2,23,,,,,,
forslgu02,FLA,D,35,1,13,12,-2,0,0,0,0,0,41,42,26,763,13,20,,,,,,
gavrivl01,NYR,D,38,6,8,18,2,0,0,1,0,0,51,58,19,908,12,47,,,,,,
greeraj01,FLA,LW,35,7,7,51,4,0,0,0,3,7,43,12,92,399,3,23,,,,,,
harleth01,DAL,D,25,2,12,10,-4,0,0,1,0,0,29,57,11,560,12,33,,,,,,
holmssi01,NYI,RW,35,6,8,10,-4,0,1,1,2,8,35,28,6,554,11,22,,,,,,
karlsli01,VAN,C,33,7,7,22,-3,1,0,1,8,18,48,7,43,342,9,20,,,,,,
kindebe01,PIT,C,32,8,6,8,-9,4,0,0,103,118,73,34,13,508,6,33,,,,,,
mateyde01,CBJ,D,35,6,8,2,-3,1,0,0,0,0,39,54,18,713,10,34,,,,,,
nurseda01,EDM,D,37,6,8,47,-5,0,0,0,0,0,78,82,50,769,8,35,,,,,,
pageaje01,NYI,C,28,6,8,2,-1,0,2,2,257,176,30,28,40,434,8,21,,,,,,
roberni01,TOR,LW,33,6,8,0,-3,1,0,1,4,4,53,17,38,421,13,31,,,,,,
samuema02,BUF,D,33,5,9,8,12,0,0,2,0,0,44,71,46,738,5,20,,,,,,
sandiax01,DET,D,37,4,10,12,-14,0,0,0,0,0,41,37,12,674,4,35,,,,,,
schenbr01,STL,C,38,6,8,23,-17,1,0,1,213,171,51,14,85,624,10,30,,,,,,
suterpi01,STL,F,36,7,7,12,-3,1,0,2,147,164,61,13,26,595,9,19,,,,,,
woodma01,NSH,RW,28,8,6,2,0,2,0,0,3,11,49,12,20,357,1,13,,,,,,
wrighsh01,SEA,C,34,6,8,2,-1,1,0,1,99,156,53,25,29,471,5,32,,,,,,
zuccama01,MIN,LW,17,2,12,4,-3,1,0,0,7,6,30,5,6,304,3,18,,,,,,
rossima01,2TM,C,22,4,10,4,-8,0,0,0,146,154,31,17,15,408,6,18,,,,,,
bennja01,DAL,LW,18,6,7,13,6,0,0,0,25,25,28,5,26,235,1,10,,,,,,
carcomi01,UTA,F,36,6,7,18,-1,1,0,0,2,5,73,6,63,435,7,19,,,,,,
deangan01,NYI,D,36,1,12,27,-6,0,0,0,0,0,60,33,16,636,4,50,,,,,,
demeldy01,WPG,D,35,1,12,28,10,0,0,0,0,0,24,56,53,742,10,38,,,,,,
edmunjo01,LAK,D,35,2,11,17,6,0,0,0,0,0,47,38,46,640,5,36,,,,,,
foersty01,PHI,RW,21,10,3,18,7,3,0,2,1,1,41,18,20,366,8,11,,,,,,
fowleca01,STL,D,38,1,12,10,-14,0,0,0,0,0,55,35,4,831,8,32,,,,,,
franket01,WSH,F,25,6,7,8,6,1,0,0,1,3,35,12,19,294,5,9,,,,,,
iafalal01,WPG,C,35,6,7,6,0,2,0,1,9,7,53,24,52,524,5,11,,,,,,
kastema01,BOS,C,37,6,7,62,5,0,0,2,165,114,51,38,99,510,16,21,,,,,,
kellypa01,COL,F,35,7,6,10,10,0,1,2,25,37,50,21,75,415,8,19,,,,,,
lohrema01,BOS,D,32,2,11,8,2,1,0,0,0,0,27,43,16,539,8,39,,,,,,
luostee01,FLA,C,27,3,10,10,-1,1,0,0,10,11,43,23,57,451,8,17,,,,,,
milleka01,CAR,D,28,2,11,26,2,1,0,0,0,1,51,30,41,632,22,42,,,,,,
mintefr01,BOS,C,37,6,7,12,5,0,0,1,162,167,45,28,74,533,10,14,,,,,,
nikisal01,CAR,D,34,4,9,12,13,0,0,0,0,0,57,44,66,644,10,40,,,,,,
oconndr01,VAN,F,36,8,5,18,-1,0,1,1,36,35,42,17,30,491,4,29,,,,,,
poehlry01,ANA,C,30,2,11,4,0,0,0,0,154,191,30,35,12,399,4,18,,,,,,
provoiv01,CBJ,D,36,4,9,14,2,0,0,0,0,0,70,61,19,926,13,61,,,,,,
sheary01,PIT,D,35,2,11,18,8,0,0,0,0,0,31,43,18,681,11,28,,,,,,
zadorni01,BOS,D,37,1,12,80,13,0,0,0,0,0,45,58,101,810,19,43,,,,,,
anderjo05,MTL,RW,36,8,4,31,-6,0,1,0,15,7,45,27,70,536,4,22,,,,,,
barromo01,WPG,C,29,7,5,18,6,0,2,2,141,137,44,18,67,361,9,18,,,,,,
bourqma01,DAL,C,37,5,7,4,-5,0,0,0,50,59,61,12,18,513,6,17,,,,,,
brobeph01,STL,D,38,2,10,4,-2,0,0,0,0,0,51,62,17,880,10,52,,,,,,
chaboth01,OTT,D,20,2,10,10,7,1,0,0,0,0,26,40,13,443,7,15,,,,,,
coleia01,UTA,D,38,2,10,20,16,0,0,0,0,0,27,79,43,705,6,38,,,,,,
crevilo01,CHI,D,34,3,9,35,4,0,1,1,0,0,50,23,48,501,5,26,,,,,,
domima01,TOR,LW,33,3,9,18,-13,0,0,1,98,91,50,16,16,456,6,38,,,,,,
duclaan01,NYI,LW,36,4,8,8,0,1,0,1,4,4,45,22,3,469,4,14,,,,,,
edvinsi01,DET,D,34,4,8,48,6,0,0,1,0,0,43,68,41,747,11,44,,,,,,
gallabr01,MTL,RW,36,2,10,14,0,1,0,0,5,3,55,7,39,460,4,16,,,,,,
gaudead01,SJS,C,31,8,4,14,-8,2,0,2,53,64,44,9,30,373,8,8,,,,,,
gourdya01,TBL,C,36,5,7,22,2,0,0,1,162,196,54,17,49,587,8,36,,,,,,
greenry01,CHI,C,35,4,8,4,2,1,0,0,146,183,42,15,25,570,11,22,,,,,,
hedmavi01,TBL,D,18,0,12,6,0,0,0,0,0,0,25,29,8,379,5,28,,,,,,
mansojo01,COL,D,35,2,10,43,25,0,0,1,0,0,46,46,88,619,12,31,,,,,,
mooretr01,LAK,LW,34,4,8,6,2,0,1,0,2,9,63,20,15,542,15,29,,,,,,
moserja01,TBL,D,34,3,9,12,24,0,0,0,0,0,50,43,26,738,14,37,,,,,,
newhoal01,MTL,C,17,6,6,8,7,1,0,2,37,52,24,5,26,248,1,4,,,,,,
rakelri01,PIT,RW,15,4,8,2,-2,2,0,0,1,14,39,16,22,283,7,7,,,,,,
savoima01,EDM,C,37,7,5,2,1,2,1,1,17,17,51,15,6,529,13,27,,,,,,
schmina01,UTA,D,38,2,10,8,11,0,0,0,0,0,40,35,40,771,8,34,,,,,,
severda01,CBJ,D,36,2,10,20,2,1,0,0,0,0,42,35,28,706,13,40,,,,,,
skjeibr01,NSH,D,35,1,11,16,-9,0,0,0,0,0,55,36,26,777,12,51,,,,,,
stanllo01,WPG,D,35,6,6,69,-1,0,0,1,0,0,39,41,62,573,9,25,,,,,,
steelsa01,DAL,C,37,6,6,18,-7,1,0,4,77,68,40,17,35,612,11,25,,,,,,
toewsde01,COL,D,35,1,11,14,23,0,0,0,0,0,60,51,12,788,10,40,,,,,,
woodmi01,CBJ,LW,29,8,4,16,-5,0,0,1,1,5,49,8,36,394,4,22,,,,,,
yurovda01,MIN,RW,30,4,8,6,-3,0,0,2,106,159,35,22,19,368,7,21,,,,,,
zubar01,OTT,D,34,3,9,20,6,0,0,0,0,0,39,48,42,692,9,37,,,,,,
beauvan01,WSH,LW,36,6,5,10,5,0,0,3,9,8,76,15,54,551,6,19,,,,,,
bowmabr01,VEG,F,19,5,6,4,-4,2,0,1,3,1,32,9,2,295,3,6,,,,,,
comphj.01,DET,LW,37,4,7,15,-8,0,0,0,233,216,42,28,13,574,3,17,,,,,,
cowanea01,TOR,RW,26,4,7,4,0,0,0,0,1,4,41,14,25,383,4,29,,,,,,
dastoch01,TBL,D,29,3,8,29,-5,0,0,2,0,0,34,28,30,554,10,19,,,,,,
dellaty01,SJS,C,36,2,9,12,-10,0,1,0,229,216,41,32,105,530,6,23,,,,,,
dewarco01,PIT,C,35,6,5,8,-6,0,0,1,12,11,53,14,69,470,5,18,,,,,,
doughdr01,LAK,D,28,2,9,10,11,0,0,0,0,0,38,40,13,634,8,37,,,,,,
druryja01,COL,C,35,5,6,14,10,0,0,0,249,183,40,29,13,517,8,15,,,,,,
ekblaaa01,FLA,D,34,1,10,20,-10,1,0,1,0,0,51,60,38,757,8,27,,,,,,
feherma01,WSH,D,36,3,8,17,12,0,0,0,0,0,40,65,42,677,6,23,,,,,,
greigri01,OTT,C,30,2,9,43,-4,1,0,0,115,100,50,20,38,503,8,16,,,,,,
hryckju01,DAL,F,36,5,6,15,-4,1,0,1,55,42,37,17,56,435,10,11,,,,,,
johnske01,CBJ,C,35,3,8,4,-11,0,0,0,0,1,55,17,5,483,8,21,,,,,,
khusnma01,BOS,C,32,4,7,10,-3,0,0,1,32,36,34,16,16,443,12,20,,,,,,
killoal01,ANA,C,37,2,9,14,0,0,0,0,26,45,61,18,32,579,12,29,,,,,,
krebspe01,BUF,C,35,1,10,40,-6,0,0,0,121,145,42,21,85,484,10,25,,,,,,
labano01,NYR,C,38,5,6,16,1,1,0,1,164,149,40,24,48,507,6,19,,,,,,
lindhha01,BOS,D,29,2,9,28,-8,1,0,1,0,0,48,49,4,645,10,32,,,,,,
mangian01,EDM,LW,37,5,6,8,-16,0,0,1,2,4,37,14,29,504,5,24,,,,,,
martijo01,CAR,LW,33,4,7,17,4,0,1,2,16,20,45,21,56,471,7,20,,,,,,
ratyaa01,VAN,C,30,3,8,16,3,0,0,1,210,135,26,7,75,358,4,17,,,,,,
royni01,TOR,C,32,3,8,6,3,1,0,0,205,176,36,16,35,488,13,29,,,,,,
sharaye01,CGY,C,32,6,5,2,-7,1,0,1,14,32,54,8,7,491,5,17,,,,,,
snuggji01,STL,RW,26,5,6,6,-2,2,0,2,2,0,47,16,25,401,10,13,,,,,,
spencjo01,OTT,D,26,1,10,6,12,0,0,0,0,0,36,18,18,476,8,21,,,,,,
treniya01,MIN,C,37,2,9,19,6,0,0,0,29,45,45,21,182,502,11,29,,,,,,
walkese01,CAR,D,35,4,7,18,-7,0,0,0,0,0,80,53,56,800,9,32,,,,,,
weegama01,CGY,D,36,2,9,35,-19,0,0,0,0,0,85,77,92,857,14,61,,,,,,
andraem01,PHI,D,25,1,9,10,9,0,0,0,0,0,23,21,25,436,4,17,,,,,,
brodijo01,MIN,D,32,3,7,8,13,0,0,1,0,0,30,72,7,704,7,28,,,,,,
cottepa01,NJD,C,36,5,5,13,-7,0,0,1,15,14,38,11,96,450,7,16,,,,,,
dillobr01,NJD,D,36,3,7,33,-2,0,0,2,0,0,28,55,90,657,7,19,,,,,,
evansja02,MTL,C,34,5,5,18,-13,0,1,0,236,200,34,24,44,516,6,26,,,,,,
hanifno01,VEG,D,24,2,8,4,-9,0,0,0,0,0,65,39,11,561,14,30,,,,,,
holmbpo01,TBL,RW,29,4,6,12,7,0,0,2,14,26,37,12,29,373,4,12,,,,,,
johnsro02,ANA,LW,36,2,8,62,-2,0,0,0,2,3,22,11,110,344,4,19,,,,,,
joshuda01,TOR,C,33,6,4,25,-3,0,0,2,2,12,30,23,114,405,6,13,,,,,,
kuralse01,BOS,C,37,3,7,22,2,0,0,0,180,208,52,24,40,522,10,25,,,,,,
kuzmean01,LAK,F,30,6,4,8,-4,4,0,0,0,0,39,9,18,432,6,30,,,,,,
maccema01,TOR,LW,24,4,6,6,-2,0,0,1,3,2,20,8,3,322,5,19,,,,,,
audymjo01,NSH,C,28,7,3,6,-18,4,0,1,8,8,60,5,38,469,4,32,,,,,,
mcbaija03,UTA,C,38,4,6,32,-1,0,0,1,193,193,50,30,123,530,7,25,,,,,,
mikheil01,CHI,F,33,6,4,8,-4,0,0,1,0,5,60,11,14,580,11,24,,,,,,
norrijo01,BUF,C,9,4,6,0,-3,1,0,1,48,55,17,2,4,156,2,7,,,,,,
parayco01,STL,D,38,0,10,12,-9,0,0,0,0,0,45,89,35,861,16,44,,,,,,
powerow01,BUF,D,34,3,7,4,-6,0,0,0,0,0,50,31,17,698,11,35,,,,,,
robiner01,CAR,LW,29,7,3,2,6,0,0,2,0,10,36,4,35,334,4,12,,,,,,
royma04,WSH,D,36,1,9,4,19,0,0,0,0,0,47,78,43,743,5,33,,,,,,
sandira01,WSH,D,31,2,8,8,5,0,0,0,0,0,36,55,45,591,12,41,,,,,,
sassoma01,VAN,F,33,8,2,10,0,0,0,0,79,112,34,22,16,361,5,16,,,,,,
shabama01,NYI,F,23,3,7,2,-5,0,0,0,0,2,30,7,12,325,6,17,,,,,,
stenlke01,UTA,C,38,3,7,16,-4,0,0,0,308,269,36,28,24,560,9,27,,,,,,
sundqos01,STL,C,29,1,9,12,-12,0,0,0,105,126,23,13,37,383,6,9,,,,,,
walmaja01,EDM,D,17,3,7,8,-3,1,1,1,0,0,23,31,7,342,7,23,,,,,,
wothepa01,PIT,D,35,2,8,28,1,0,0,1,0,0,34,51,69,729,18,60,,,,,,
zaryco01,CGY,C,34,4,6,10,-3,1,0,0,43,60,46,9,23,481,5,19,,,,,,
berggjo02,2TM,RW,19,4,6,6,-2,2,0,0,0,0,27,3,14,240,1,17,,,,,,
applema01,DET,C,27,3,6,22,-2,0,0,1,2,5,29,12,30,365,0,14,,,,,,
brindga01,COL,C,23,5,4,8,4,0,0,3,5,8,32,6,23,229,4,10,,,,,,
carrial01,MTL,D,36,1,8,16,-9,0,0,0,0,0,25,79,16,698,15,34,,,,,,
helledr01,ANA,D,33,2,7,8,-6,0,0,0,0,0,27,49,35,614,13,23,,,,,,
henriad01,EDM,C,37,2,7,12,-9,0,0,0,202,166,57,51,23,527,8,28,,,,,,
howdebr01,VEG,C,30,5,4,18,-3,0,0,0,170,153,35,6,54,445,6,28,,,,,,
huttobe01,VEG,D,27,4,5,11,1,0,0,1,0,0,42,25,12,393,10,27,,,,,,
lorenst01,TOR,C,28,3,6,10,-1,0,1,0,30,30,26,19,63,316,4,16,,,,,,
mintypa01,ANA,D,33,4,5,2,0,0,0,2,0,0,31,55,18,540,7,26,,,,,,
mooreol01,CHI,C,23,3,6,4,-3,0,0,0,7,6,28,10,13,292,9,17,,,,,,
olivima01,CBJ,F,23,3,6,44,2,0,0,1,0,0,29,19,71,321,3,9,,,,,,
petroal01,DAL,D,35,2,7,47,6,0,0,0,0,0,41,56,56,563,8,30,,,,,,
rasmumi01,DET,C,32,4,5,4,-5,0,0,0,70,50,33,26,33,395,5,14,,,,,,
shearco01,NYR,LW,35,1,8,8,-3,0,0,0,8,5,53,24,15,517,12,25,,,,,,
sourdju01,WSH,RW,35,3,6,12,8,0,0,0,135,133,41,14,47,480,6,21,,,,,,
stastsp01,2TM,D,36,1,8,10,-2,0,0,0,0,0,36,32,7,546,12,30,,,,,,
steeval02,BOS,F,20,7,2,19,3,0,1,0,1,4,28,15,78,255,4,16,,,,,,
toewsjo01,WPG,C,35,3,6,18,-14,1,0,0,283,172,50,19,7,531,7,24,,,,,,
vanrija01,DET,LW,30,8,1,8,-10,3,0,1,1,1,55,17,6,370,3,18,,,,,,
walkena01,STL,C,25,3,6,14,-2,0,0,1,27,22,27,21,95,315,2,13,,,,,,
willato01,VAN,D,26,1,8,6,2,0,0,0,0,0,18,23,5,360,3,16,,,,,,
yamamka01,UTA,RW,26,4,5,8,5,0,0,0,10,17,20,6,13,297,2,9,,,,,,
andermi02,LAK,D,35,2,6,10,10,0,0,0,0,0,25,57,38,700,6,25,,,,,,
chiarbe01,DET,D,37,4,4,36,1,0,0,0,0,0,43,81,82,784,12,41,,,,,,
cizikca01,NYI,C,36,3,5,8,-2,0,0,0,127,139,20,29,85,390,5,21,,,,,,
cousini01,OTT,C,34,5,3,33,2,0,0,1,8,11,27,15,72,355,6,20,,,,,,
durzise01,UTA,D,17,1,7,22,-11,0,0,0,0,0,32,35,9,341,3,23,,,,,,
evansry01,SEA,D,20,3,5,12,1,0,0,0,0,0,19,15,12,344,1,15,,,,,,
glassco01,NJD,C,25,6,2,10,3,1,0,1,159,133,43,9,13,337,1,16,,,,,,
goncaga01,TBL,C,32,3,5,23,4,0,0,0,3,7,22,15,35,385,8,28,,,,,,
gudasra01,ANA,D,26,1,7,9,-3,0,0,0,0,0,35,43,94,428,6,19,,,,,,
hamildo01,NJD,D,32,4,4,24,-3,2,0,1,0,0,79,32,33,691,5,52,,,,,,
haytoba01,UTA,C,33,4,4,26,-2,2,0,0,190,194,55,13,9,507,8,19,,,,,,
jenseni02,OTT,D,35,1,7,20,-8,0,0,0,0,0,22,37,23,586,8,33,,,,,,
josepma01,STL,RW,32,2,6,4,0,0,1,1,3,9,28,19,71,410,9,18,,,,,,
kaisewy01,CHI,D,35,3,5,16,3,0,0,1,0,0,36,35,22,674,19,42,,,,,,
larssad01,SEA,D,34,2,6,18,-7,0,0,1,0,0,34,75,47,736,6,19,,,,,,
mccanja01,SEA,C,11,5,3,0,0,1,0,1,4,6,27,8,14,189,2,8,,,,,,
mcdonry01,TBL,D,18,4,4,0,1,0,0,0,0,0,17,29,9,360,7,19,,,,,,
myersty01,VAN,D,36,1,7,28,-10,0,0,0,0,0,37,70,43,739,12,36,,,,,,
namesvl01,WPG,C,35,6,2,20,-7,2,0,1,63,92,49,21,45,513,4,26,,,,,,
nesteni02,ANA,C,23,1,7,8,1,0,0,1,9,17,22,5,41,279,1,12,,,,,,
ostluno01,BUF,C,24,5,3,2,4,1,0,0,40,98,25,14,1,312,7,12,,,,,,
paulni01,TBL,LW,17,3,5,4,-3,0,0,0,115,96,27,8,26,260,4,13,,,,,,
peekean01,BOS,D,37,3,5,12,-10,0,0,0,0,0,44,74,50,762,8,34,,,,,,
raddyta01,NYR,RW,35,5,3,4,3,0,1,0,0,8,28,15,34,405,6,13,,,,,,
rinzesa01,CHI,D,28,1,7,28,0,0,0,0,0,0,39,29,26,462,4,37,,,,,,
ritchca01,NYI,C,26,4,4,10,1,1,0,2,76,107,30,15,7,304,2,21,,,,,,
spurgja01,MIN,D,37,2,6,6,0,2,0,0,0,0,41,71,48,765,7,31,,,,,,
svechfe01,NSH,C,33,1,7,10,-3,0,0,0,103,125,42,11,26,410,7,18,,,,,,
acciano01,PIT,C,22,2,5,12,0,0,0,0,95,66,20,16,31,283,3,4,,,,,,
backos01,DAL,C,27,3,4,6,6,0,1,1,8,9,17,15,11,349,5,16,,,,,,
balinuv01,FLA,D,26,1,6,12,3,0,0,0,0,0,21,17,36,360,12,11,,,,,,
blackco01,DAL,C,35,2,5,14,-1,0,0,1,58,86,25,16,54,409,3,19,,,,,,
boqvije01,FLA,C,35,3,4,8,-3,0,0,1,19,43,33,18,76,415,0,27,,,,,,
carriwi01,CAR,LW,29,3,4,6,1,0,0,1,1,1,30,8,58,331,8,9,,,,,,
dachki01,MTL,C,15,5,2,16,-2,0,0,0,46,61,22,15,21,210,8,8,,,,,,
daniena01,DET,C,22,2,5,2,-6,0,0,0,46,76,29,8,7,244,5,15,,,,,,
dowdni01,WSH,C,28,2,5,25,0,0,0,0,175,195,31,18,43,423,7,16,,,,,,
dvorsda01,STL,C,28,5,2,6,-7,4,0,0,120,133,39,12,43,400,6,23,,,,,,
emberty01,EDM,D,32,1,6,10,5,0,0,1,0,0,22,55,46,502,6,24,,,,,,
ferrama01,SJS,D,36,1,6,8,-1,0,0,0,0,0,39,78,68,752,15,45,,,,,,
gaudrfr01,SEA,C,21,2,5,7,-2,1,0,0,91,144,20,14,8,325,10,12,,,,,,
girarsa01,COL,D,20,1,6,2,6,0,0,0,0,0,17,23,9,338,3,17,,,,,,
girgeze01,TBL,C,29,5,2,10,0,0,0,0,36,59,41,20,84,435,1,18,,,,,,
hagueni01,NSH,D,27,1,6,25,-8,0,0,0,0,0,18,23,43,531,6,21,,,,,,
jamesdo01,TBL,C,23,2,5,4,1,0,0,0,60,70,25,9,32,282,6,14,,,,,,
kakkoka01,SEA,RW,18,2,5,6,-1,1,0,0,5,7,28,3,8,248,5,10,,,,,,
karlswi01,VEG,C,14,4,3,4,-1,1,1,1,91,67,30,13,3,212,3,11,,,,,,
klapkad01,CGY,F,35,3,4,60,-6,0,0,0,5,10,35,20,122,348,6,12,,,,,,
lyubuil01,DAL,D,26,1,6,23,2,0,0,0,0,0,17,51,40,435,5,27,,,,,,
middlja01,MIN,D,30,0,7,37,2,0,0,0,0,0,23,45,44,536,4,15,,,,,,
nyquigu01,WPG,RW,26,0,7,4,-3,0,0,0,6,10,34,10,16,329,10,13,,,,,,
palaton01,NJD,LW,36,2,5,8,2,0,0,0,3,6,44,32,57,476,6,19,,,,,,
perfeco01,WPG,C,21,2,5,6,-13,1,0,1,2,3,33,9,17,309,8,19,,,,,,
petryje01,FLA,D,33,0,7,14,-1,0,0,0,0,0,27,37,27,479,1,28,,,,,,
pettema01,VAN,D,36,1,6,35,-1,0,0,0,0,0,27,60,22,749,7,33,,,,,,
rosenis01,BUF,RW,13,3,4,0,-3,0,0,0,1,0,14,9,6,178,4,10,,,,,,
skinnje01,SJS,LW,23,4,3,14,-7,0,0,0,2,7,43,7,11,291,8,19,,,,,,
smithre01,VEG,RW,31,4,3,2,-6,1,0,1,4,7,35,8,13,418,7,26,,,,,,
texieal01,2TM,C,22,3,4,4,-2,0,0,0,1,8,27,3,22,284,3,9,,,,,,
bahlke01,CGY,D,35,3,3,22,12,0,0,2,0,0,31,48,38,740,25,45,,,,,,
brodzjo01,NYR,C,23,3,3,4,2,0,0,0,11,7,27,9,10,270,7,12,,,,,,
carrisa01,NYR,C,38,1,5,28,2,0,0,0,133,117,42,20,55,408,8,13,,,,,,
cecico01,LAK,D,35,1,5,8,-3,0,0,0,0,0,30,45,16,608,7,29,,,,,,
chinaye01,CBJ,RW,29,3,3,6,-6,0,0,0,0,0,36,8,28,298,3,15,,,,,,
crozima01,TBL,D,18,1,5,13,3,0,0,0,0,0,26,13,19,266,4,7,,,,,,
dachco01,CHI,C,35,3,3,43,-12,1,0,1,21,36,43,18,124,428,11,18,,,,,,
dickija01,CHI,C,22,3,3,8,-7,0,1,0,169,178,30,16,22,341,4,16,,,,,,
duhaibr01,WSH,RW,36,4,2,29,0,0,1,0,7,18,23,24,85,425,5,11,,,,,,
dumoubr01,LAK,D,35,0,6,8,1,0,0,0,0,0,36,48,20,674,9,41,,,,,,
ellerla01,OTT,C,28,2,4,6,-6,0,1,0,158,103,24,18,21,363,4,14,,,,,,
fabbrda01,CBJ,D,36,2,4,8,-13,0,0,0,0,0,36,67,28,571,9,26,,,,,,
foegewa01,LAK,LW,27,5,1,14,4,0,0,1,5,11,39,6,30,377,2,29,,,,,,
foligni01,CHI,LW,15,0,6,16,2,0,0,0,85,79,16,11,41,209,1,7,,,,,,
goodrba01,SJS,RW,36,3,3,14,-8,0,0,0,10,18,29,27,53,417,4,15,,,,,,
grebeni01,PHI,RW,24,2,4,21,-2,0,0,0,2,1,14,8,43,251,5,19,,,,,,
grzelma01,CHI,D,35,0,6,18,3,0,0,0,0,0,39,30,16,577,9,25,,,,,,
janmama02,EDM,C,21,1,5,6,-3,0,0,0,4,10,15,5,8,266,2,7,,,,,,
jokihhe01,BOS,D,25,0,6,10,-5,0,0,0,0,0,22,19,13,434,4,31,,,,,,
kartyty01,SEA,F,32,2,4,21,-5,0,0,0,2,7,22,21,81,346,8,17,,,,,,
koepkco01,WPG,LW,24,2,4,12,-1,0,0,0,0,0,29,5,74,250,7,8,,,,,,
korczka01,VEG,D,34,3,3,16,8,0,0,0,0,0,29,54,52,556,3,43,,,,,,
kotkaje01,CAR,C,19,2,4,6,2,0,0,0,63,77,20,11,30,201,2,12,,,,,,
kuzneya01,CGY,D,22,2,4,2,-2,0,0,1,0,0,19,33,37,447,2,18,,,,,,
martiem01,TBL,D,32,2,4,43,9,0,0,0,0,0,24,33,53,555,5,25,,,,,,
mccarmi01,NSH,RW,34,1,5,38,-9,0,0,0,260,217,41,31,94,489,6,21,,,,,,
milanso01,WSH,LW,22,4,2,4,2,0,0,2,5,4,25,2,5,207,2,11,,,,,,
mukhash01,SJS,D,18,2,4,8,2,0,0,0,0,0,14,19,10,292,3,19,,,,,,
noesest01,NJD,RW,30,3,3,29,-9,1,0,1,12,16,41,12,29,362,2,17,,,,,,
nymanja01,SEA,RW,24,4,2,6,1,1,0,0,2,4,31,4,20,256,1,13,,,,,,
pearsta01,WPG,LW,29,4,2,21,4,0,0,1,4,6,22,17,35,319,3,16,,,,,,
perbini01,NSH,D,32,2,4,10,-10,0,0,0,0,0,36,34,17,645,6,35,,,,,,
petteel02,VAN,D,33,1,5,8,-1,0,0,0,0,0,20,38,53,450,8,30,,,,,,
pionkne01,WPG,D,31,2,4,12,1,1,0,1,0,0,68,50,66,710,8,34,,,,,,
roberma02,NYR,D,29,2,4,14,-4,0,0,0,0,0,30,36,46,464,0,20,,,,,,
schnebr01,NYR,D,38,1,5,8,-4,0,0,0,0,0,45,61,81,750,11,41,,,,,,
soucyca01,NYR,D,34,3,3,12,8,0,0,0,0,0,28,49,51,602,9,34,,,,,,
stechtr01,2TM,D,22,1,5,10,10,0,0,0,0,0,18,20,11,407,7,27,,,,,,
stromry01,ANA,C,19,2,4,10,0,1,0,0,69,90,23,3,6,229,2,10,,,,,,
timmico01,BUF,D,33,0,6,16,-11,0,0,0,0,0,33,70,25,634,8,40,,,,,,
tuckety01,STL,D,33,1,5,43,-6,0,0,0,0,0,36,25,38,445,4,30,,,,,,
turcoal02,LAK,C,34,2,4,15,-3,0,0,0,128,100,33,15,13,322,5,14,,,,,,
vatrafr01,ANA,LW,37,3,3,34,-10,0,0,1,5,8,67,24,67,458,5,13,,,,,,
vlasial01,CHI,D,34,2,4,7,-12,0,0,0,0,0,32,55,15,713,13,32,,,,,,
wilsbad01,NSH,D,25,1,5,14,3,0,0,0,0,0,21,21,12,423,8,21,,,,,,
abolsro01,PHI,C,30,2,3,11,-3,0,1,0,107,102,29,15,38,310,8,9,,,,,,
bainsar01,VAN,F,26,1,4,12,0,0,0,0,2,12,14,5,22,237,6,9,,,,,,
bardaza01,COL,C,25,1,4,0,3,0,0,0,54,73,16,9,22,172,2,14,,,,,,
bjugsni01,STL,C,25,4,1,12,-4,0,0,0,74,68,39,18,52,286,2,4,,,,,,
cattobe01,SEA,F,21,0,5,4,-1,0,0,0,20,24,17,14,2,260,5,9,,,,,,
chatfja01,CAR,D,28,0,5,10,6,0,0,0,0,0,36,27,15,551,12,28,,,,,,
danauph01,LAK,C,30,0,5,6,3,0,0,0,219,195,42,11,22,489,4,25,,,,,,
grundca01,PHI,RW,9,4,1,4,5,0,0,1,0,1,15,4,25,117,0,2,,,,,,
hanlejo01,CGY,D,33,0,5,13,0,0,0,0,0,0,25,45,22,498,7,28,,,,,,
hayeske01,PIT,RW,20,3,2,4,-3,0,0,1,32,50,37,7,23,261,2,14,,,,,,
hinosvi01,MIN,C,24,2,3,4,-5,0,0,1,12,13,23,7,20,267,8,17,,,,,,
jankoma01,CAR,C,24,1,4,8,2,0,0,1,125,107,22,12,16,258,4,12,,,,,,
jostty01,NSH,C,25,2,3,10,-7,0,0,0,16,19,26,8,31,301,9,9,,,,,,
juulsno01,PHI,D,27,1,4,8,3,0,0,0,0,0,17,19,51,366,3,25,,,,,,
kaspema01,DET,C,36,3,2,27,-13,1,0,0,122,136,57,23,81,491,5,24,,,,,,
klevety01,OTT,D,32,0,5,13,-11,0,0,0,0,0,39,48,41,546,9,38,,,,,,
kulicji01,BUF,C,12,3,2,4,-4,0,0,0,68,95,20,12,9,196,1,10,,,,,,
lapiehe01,WSH,C,33,0,5,8,3,0,0,0,45,75,25,6,22,308,5,19,,,,,,
laughsc01,TOR,C,17,4,1,6,0,0,1,1,116,70,23,11,32,222,5,15,,,,,,
lindgry01,SEA,D,34,1,4,39,1,0,0,1,0,1,25,61,19,648,7,40,,,,,,
lizotbl01,PIT,C,27,3,2,8,1,0,0,0,133,127,31,12,25,376,7,17,,,,,,
lowryad01,WPG,LW,23,1,4,10,1,0,0,0,139,132,21,20,53,325,3,14,,,,,,
lundeis01,CBJ,C,35,1,4,4,-5,0,0,0,94,81,30,16,13,432,3,23,,,,,,
malenbe01,BUF,LW,34,3,2,20,-7,0,0,0,1,3,38,35,117,384,5,16,,,,,,
mayfisc01,NYI,D,34,1,4,53,2,0,0,0,0,0,34,48,29,611,5,31,,,,,,
mikkoni01,FLA,D,35,0,5,35,9,0,0,0,0,0,37,41,58,703,12,43,,,,,,
mooreia01,ANA,D,23,2,3,12,3,0,0,1,0,0,24,44,11,327,9,21,,,,,,
nystrjo01,CAR,D,24,0,5,4,3,0,0,0,0,0,31,14,6,382,3,18,,,,,,
oleksja01,SEA,D,32,2,3,10,5,0,0,0,0,0,34,48,47,531,13,33,,,,,,
reillmi01,CAR,D,22,1,4,8,7,0,1,0,0,0,36,24,8,358,3,12,,,,,,
sambedy01,WPG,D,19,0,5,2,1,0,0,0,0,0,25,37,18,408,10,22,,,,,,
smithco02,NSH,F,16,4,1,12,-1,0,0,1,0,5,20,4,46,220,3,6,,,,,,
strubja01,MTL,D,28,0,5,34,-8,0,0,0,0,0,11,15,50,423,5,31,,,,,,
sturmni01,MIN,C,15,2,3,0,3,0,0,0,66,68,18,9,14,172,3,5,,,,,,
tomasda01,EDM,F,22,3,2,10,-6,0,0,0,30,34,30,6,17,236,3,12,,,,,,
vanritr01,WSH,D,27,1,4,10,0,0,0,0,0,0,16,32,3,427,6,18,,,,,,
whiteza01,VEG,D,34,1,4,14,-9,0,0,0,0,0,25,44,56,629,3,28,,,,,,
wintery01,SEA,C,33,2,3,8,-3,0,0,0,0,2,30,16,38,387,4,15,,,,,,
reichlu01,2TM,LW,19,2,3,6,-4,0,0,0,46,71,15,11,7,232,2,13,,,,,,
barroju01,NSH,D,19,0,4,6,-1,0,0,0,0,0,15,22,13,287,1,28,,,,,,
borgewi01,NYR,D,31,2,2,20,3,0,0,2,0,0,30,35,50,568,9,28,,,,,,
brysoja01,BUF,D,22,1,3,4,-3,0,0,0,0,0,7,10,6,232,2,8,,,,,,
capobky01,DAL,D,18,1,3,4,0,0,0,0,0,0,11,12,6,221,8,10,,,,,,
cernaer01,TBL,D,19,0,4,21,0,0,0,0,0,0,13,43,40,367,4,18,,,,,,
duchema01,DAL,C,12,2,2,2,0,1,0,1,40,33,10,8,4,176,4,5,,,,,,
edstrad01,NYR,C,24,2,2,2,5,0,0,1,2,0,21,13,48,229,5,12,,,,,,
ernead01,DAL,LW,15,3,1,2,2,0,0,0,2,3,14,7,47,146,1,4,,,,,,
gauncbr01,CBJ,C,12,1,3,10,0,0,1,0,31,20,11,7,34,139,2,2,,,,,,
hallafi01,PIT,C,13,1,3,2,4,0,1,1,0,2,22,5,3,170,2,12,,,,,,
honzesa01,CGY,LW,18,2,2,2,1,0,0,0,6,5,22,6,35,222,1,9,,,,,,
jarnkca01,TOR,C,22,4,0,4,-8,0,0,0,6,4,22,3,15,257,2,7,,,,,,
johanal01,DET,D,37,0,4,4,-14,0,0,0,0,0,25,50,34,579,10,32,,,,,,
koleske01,VEG,RW,34,0,4,21,-10,0,0,0,7,9,28,22,103,363,2,15,,,,,,
kozakty01,BUF,C,24,2,2,2,-4,0,0,0,120,126,19,23,62,286,7,13,,,,,,
lauzoje01,VEG,D,20,0,4,37,1,0,0,0,0,0,17,31,66,311,3,13,,,,,,
liljeti01,SJS,D,28,0,4,18,-10,0,0,0,0,0,18,63,25,562,3,28,,,,,,
maceama01,VAN,LW,8,1,3,12,0,0,0,0,1,1,6,6,10,81,1,3,,,,,,
matinni01,OTT,D,25,0,4,8,0,0,0,0,0,0,16,30,22,377,5,15,,,,,,
meyerbe01,SEA,F,16,1,3,2,-4,0,0,0,43,45,17,2,20,165,1,2,,,,,,
pelecad01,NYI,D,36,1,3,14,8,0,0,1,0,0,53,57,23,738,16,32,,,,,,
reinhco01,VEG,LW,26,1,3,8,-4,0,0,0,3,4,16,4,46,247,2,13,,,,,,
saadbr01,VEG,LW,31,1,3,14,-3,0,0,0,8,19,50,15,3,430,7,23,,,,,,
schenlu01,WPG,D,24,0,4,21,-6,0,0,0,0,0,21,29,61,326,4,27,,,,,,
seeleni01,PHI,D,35,0,4,10,-3,0,0,0,0,0,45,63,63,674,9,21,,,,,,
whiteco03,NJD,D,16,0,4,0,6,0,0,0,0,0,8,11,15,195,3,13,,,,,,
wiesboz01,NSH,RW,24,1,3,30,-6,0,0,0,0,4,22,10,60,255,5,11,,,,,,
blaissa01,2TM,LW,9,1,3,6,-1,0,0,0,1,0,8,6,34,74,1,2,,,,,,
astonza01,CBJ,C,18,0,3,8,-1,0,0,0,5,16,13,10,44,178,1,9,,,,,,
bastina01,DAL,RW,19,3,0,10,3,0,0,0,0,0,13,5,45,156,1,1,,,,,,
benoisi01,TOR,D,33,0,3,21,-5,0,0,0,0,0,20,52,81,578,6,36,,,,,,
bichsli01,DAL,D,26,1,2,22,6,0,0,0,0,0,9,24,85,411,4,23,,,,,,
butda01,UTA,LW,11,1,2,4,1,1,0,0,0,4,23,6,7,135,2,4,,,,,,
chernig01,SJS,LW,3,0,3,0,3,0,0,0,0,0,9,1,0,47,0,4,,,,,,
chishde01,WSH,D,14,0,3,2,2,0,0,0,0,0,8,10,5,204,4,17,,,,,,
chytifi01,VAN,C,6,3,0,6,0,0,0,1,36,40,15,4,3,93,2,3,,,,,,
desimni01,UTA,D,13,2,1,2,2,0,0,1,0,0,18,11,5,202,1,12,,,,,,
dickisa01,SJS,D,27,1,2,6,-5,0,0,0,0,0,24,22,24,402,6,22,,,,,,
dumbama01,PIT,D,11,1,2,11,-5,0,0,0,0,0,7,12,16,164,6,8,,,,,,
dunnejo01,BUF,C,22,1,2,29,-4,0,0,0,19,23,17,10,23,201,4,14,,,,,,
finleja01,TBL,C,13,2,1,12,3,0,0,1,59,62,10,1,19,116,0,4,,,,,,
fredetr01,EDM,C,36,2,1,27,-9,0,0,1,42,32,37,12,91,411,4,12,,,,,,
gadjojo01,FLA,LW,10,0,3,7,2,0,0,0,0,0,8,3,30,79,3,3,,,,,,
glendlu01,NJD,C,36,0,3,2,-5,0,0,0,205,181,16,31,46,370,2,8,,,,,,
greenjo02,BUF,LW,20,1,2,19,-10,0,0,0,8,12,18,8,27,262,2,7,,,,,,
hallist01,OTT,C,12,0,3,0,-3,0,0,0,17,28,14,5,12,98,1,9,,,,,,
howaris01,EDM,LW,17,2,1,10,-2,0,0,0,0,0,19,1,3,161,1,9,,,,,,
kivirjo01,COL,F,18,1,2,6,1,0,0,0,3,2,13,5,25,175,1,7,,,,,,
koivuvi01,PIT,RW,23,1,2,8,-5,1,0,0,0,0,24,10,3,291,3,9,,,,,,
kolyavl01,DAL,D,11,1,2,4,3,0,0,1,0,0,10,10,5,138,2,1,,,,,,
leddyni01,SJS,D,14,0,3,6,-7,0,0,0,0,0,6,20,2,242,4,9,,,,,,
leonajo01,DET,LW,4,2,1,0,0,0,0,0,0,0,5,4,3,52,1,6,,,,,,
lombery01,CGY,LW,32,2,1,36,1,0,0,0,4,7,32,9,83,279,1,13,,,,,,
lundkni01,DAL,D,10,1,2,2,4,0,0,0,0,0,7,15,7,154,3,15,,,,,,
macleky01,NYI,F,22,1,2,25,-5,0,0,0,20,10,16,8,46,235,1,6,,,,,,
misami01,SJS,F,7,1,2,2,-1,0,0,0,20,18,13,5,2,82,0,5,,,,,,
murphco02,CHI,D,35,0,3,28,-6,0,0,0,0,0,30,48,36,537,8,32,,,,,,
obrieli01,UTA,C,19,2,1,29,-3,0,0,0,1,0,21,6,45,173,1,5,,,,,,
ohgreli01,2TM,LW,23,2,1,0,-2,0,0,0,2,2,26,9,37,224,1,10,,,,,,
pachabr01,CGY,D,21,0,3,33,0,0,0,0,0,0,13,18,45,281,5,17,,,,,,
parssju01,NYR,C,14,2,1,2,3,0,0,0,14,15,12,9,20,125,3,6,,,,,,
perrega01,NYR,RW,5,1,2,2,3,1,0,0,0,0,3,5,2,68,1,2,,,,,,
pescebr01,NJD,D,12,0,3,2,1,0,0,0,0,0,11,32,5,242,2,5,,,,,,
philpno01,EDM,F,15,2,1,4,-7,0,0,0,58,44,12,2,24,150,4,7,,,,,,
regulal01,EDM,D,21,0,3,19,-8,0,0,0,0,0,13,28,14,322,4,22,,,,,,
sabousc01,TBL,F,7,1,2,32,0,0,0,0,0,1,5,4,13,64,0,4,,,,,,
schaere01,NSH,LW,12,3,0,11,-3,0,0,0,0,0,10,13,33,118,1,5,,,,,,
sissoco01,VEG,C,30,1,2,15,-7,0,0,0,168,141,27,18,44,347,4,13,,,,,,
soderel01,DET,RW,24,2,1,8,-3,0,0,1,1,0,26,5,37,254,4,17,,,,,,
stenbot01,STL,C,4,0,3,0,3,0,0,0,1,0,1,3,8,54,1,0,,,,,,
vaakaur01,NYR,D,19,0,3,10,-1,0,0,0,0,0,12,13,6,259,3,13,,,,,,
velenjo01,MTL,C,31,2,1,13,-7,0,0,1,100,95,31,22,72,381,3,11,,,,,,
beechjo01,2TM,C,21,1,2,2,-6,0,0,0,33,50,20,14,15,210,2,7,,,,,,
barkede01,PHI,C,2,0,2,2,1,0,0,0,1,2,4,3,1,29,0,0,,,,,,
beanja01,CGY,D,16,1,1,16,-7,0,0,0,0,0,16,29,3,255,5,15,,,,,,
bogosza01,MIN,D,17,1,1,2,7,0,0,0,0,1,15,16,14,254,4,8,,,,,,
carlide01,TBL,D,15,1,1,6,2,0,0,0,0,0,14,13,17,200,2,6,,,,,,
carlobr01,TOR,D,18,0,2,6,2,0,0,0,0,0,23,34,12,361,1,20,,,,,,
daccojo01,SEA,G,22,0,2,2,0,0,0,0,0,0,1,0,0,1260,0,15,9,9,4,60,597,2
deshavi01,SJS,D,20,0,2,32,1,0,0,0,0,0,12,34,28,331,2,16,,,,,,
douglcu01,TBL,C,26,0,2,58,1,0,0,0,2,2,15,6,29,157,3,9,,,,,,
fabbrro01,STL,C,6,0,2,6,-1,0,0,0,0,0,7,2,9,79,0,3,,,,,,
foligma01,MIN,LW,27,0,2,34,-9,0,0,0,2,4,26,23,87,350,4,11,,,,,,
gatcoma01,NYI,F,10,1,1,2,1,0,0,0,0,0,15,3,54,104,1,3,,,,,,
gregono01,FLA,C,21,1,1,11,-6,0,0,0,12,21,18,7,23,173,1,8,,,,,,
guhleka01,MTL,D,5,1,1,7,1,0,0,1,0,0,7,5,16,96,3,7,,,,,,
harkija01,ANA,C,16,2,0,6,-3,0,0,0,53,54,10,11,51,146,2,5,,,,,,
harrijo01,BOS,D,5,1,1,0,0,0,0,0,0,0,9,3,4,78,1,5,,,,,,
heineda01,PIT,C,13,1,1,8,1,0,0,0,5,11,14,10,16,151,2,4,,,,,,
huntda01,MIN,D,12,0,2,4,3,0,0,0,0,0,3,18,11,149,1,7,,,,,,
kapanka01,EDM,RW,6,0,2,0,-2,0,0,0,0,1,4,4,16,73,1,4,,,,,,
kessema01,STL,D,18,2,0,4,0,0,0,1,0,0,10,7,5,210,1,9,,,,,,
kulakbr01,2TM,D,35,0,2,12,-7,0,0,0,0,0,35,45,5,620,5,25,,,,,,
kuninlu01,FLA,C,25,1,1,6,-6,0,0,0,76,71,16,23,49,226,1,11,,,,,,
lammiju01,NJD,RW,19,0,2,4,-1,0,0,0,52,55,15,13,28,197,2,4,,,,,,
lazarcu01,EDM,C,19,2,0,2,-3,0,0,0,64,48,7,11,38,177,1,0,,,,,,
legauch01,CAR,D,8,1,1,10,4,0,0,0,0,0,10,6,9,106,4,8,,,,,,
lekkejo01,VAN,RW,8,1,1,0,0,0,0,0,0,0,4,3,6,87,0,6,,,,,,
lycksol01,OTT,RW,7,1,1,0,-2,0,0,1,0,0,7,4,4,69,1,1,,,,,,
mahurjo01,SEA,D,19,1,1,16,9,0,0,1,0,0,12,30,22,290,2,9,,,,,,
mailllo01,STL,D,25,1,1,27,-17,0,0,0,0,0,29,16,30,340,3,19,,,,,,
malotje01,LAK,F,22,2,0,23,-2,0,0,0,1,1,18,9,68,176,2,7,,,,,,
marksja02,NJD,G,18,0,2,6,0,0,0,0,0,0,0,0,0,987,0,9,9,7,1,56,471,0
mcginhu01,STL,LW,3,1,1,0,0,0,0,0,4,1,4,2,0,32,1,2,,,,,,
mcgroru01,PIT,RW,11,1,1,0,-3,0,0,0,1,6,23,2,13,137,0,6,,,,,,
mcnabbr01,VEG,D,34,1,1,18,-5,0,0,1,0,0,29,85,59,717,11,26,,,,,,
morrosc02,NYR,D,13,0,2,2,-2,0,0,0,0,0,14,13,4,195,0,11,,,,,,
nadeabr01,CAR,LW,7,2,0,0,-1,1,0,0,0,1,8,4,8,82,0,6,,,,,,
reavery01,SJS,RW,30,2,0,21,-8,0,0,0,0,2,17,9,108,234,4,12,,,,,,
regenpa01,SJS,F,2,2,0,0,-2,2,0,0,1,1,4,0,3,25,0,0,,,,,,
schwico01,FLA,RW,10,2,0,0,0,0,0,0,27,38,7,6,9,86,2,3,,,,,,
sebrado01,2TM,D,12,0,2,14,0,0,0,0,0,0,8,11,18,161,2,11,,,,,,
siegejo01,NJD,D,36,0,2,29,-3,0,0,0,0,0,33,66,53,707,14,48,,,,,,
silovar01,PIT,G,16,0,2,2,0,0,0,0,0,0,0,0,0,912,0,7,5,5,6,49,433,1
smithbr05,CBJ,D,13,0,2,11,-1,0,0,0,0,0,10,7,12,141,4,13,,,,,,
tanevch01,TOR,D,8,0,2,0,5,0,0,0,0,0,6,8,2,138,4,3,,,,,,
toropal01,STL,RW,22,1,1,17,-6,0,1,0,1,1,18,21,45,263,2,14,,,,,,
warrema01,NYI,D,3,0,2,4,1,0,0,0,0,0,1,0,3,34,1,3,,,,,,
xhekaar01,MTL,D,32,1,1,59,-6,0,0,0,0,0,24,26,71,389,2,20,,,,,,
ahcanja01,COL,D,6,0,1,0,4,0,0,0,0,0,2,4,5,68,0,2,,,,,,
aspirjo01,BOS,D,19,1,0,8,8,0,0,0,0,0,12,28,32,306,3,20,,,,,,
aubekni01,MIN,RW,4,0,1,6,1,0,0,0,0,5,4,4,4,48,1,1,,,,,,
beckow01,MTL,C,9,1,0,4,4,0,0,0,34,21,8,6,18,85,0,5,,,,,,
bernaja01,DET,D,21,0,1,4,-1,0,0,0,0,0,21,29,26,290,6,16,,,,,,
binnijo01,STL,G,23,0,1,0,0,0,0,0,0,0,0,0,0,1239,0,13,7,9,6,71,545,0
bluegte01,VAN,C,2,1,0,0,0,0,0,1,9,17,2,3,3,31,0,1,,,,,,
bobrose01,FLA,G,24,0,1,2,0,0,0,0,0,0,0,0,0,1410,0,13,15,8,1,66,591,3
boqviad01,NYI,D,12,0,1,2,-1,0,0,0,0,0,5,12,4,151,1,7,,,,,,
brandmi01,DET,F,9,0,1,2,-5,0,0,0,0,0,14,3,28,112,2,10,,,,,,
bruniha01,PIT,D,9,1,0,6,-4,0,0,0,0,0,8,13,4,141,1,14,,,,,,
bussibr01,CAR,G,13,0,1,2,0,0,0,0,0,0,0,0,0,797,0,9,11,1,1,28,322,1
cardwet01,SJS,RW,6,1,0,2,1,0,0,1,0,0,5,1,9,73,2,4,,,,,,
cholode01,NJD,D,15,0,1,2,-5,0,0,0,0,0,10,15,3,216,4,15,,,,,,
chrisja01,CBJ,D,20,0,1,4,-9,0,0,0,0,0,16,7,15,209,0,7,,,,,,
clattco01,EDM,F,5,1,0,13,1,0,0,0,0,0,3,3,17,36,0,4,,,,,,
colansa01,ANA,RW,7,1,0,4,-3,0,0,0,1,1,3,1,9,71,0,6,,,,,,
crookan01,NJD,LW,8,1,0,4,1,0,0,0,1,2,4,7,5,68,0,2,,,,,,
davidja01,MTL,C,10,0,1,10,-4,0,0,0,0,1,9,1,18,87,1,5,,,,,,
delbelu01,CBJ,C,13,0,1,4,-2,0,0,0,23,37,11,10,2,114,2,1,,,,,,
demkoth01,VAN,G,15,0,1,0,0,0,0,0,0,0,0,0,0,853,0,6,8,6,0,35,393,1
ellisco01,BUF,G,8,0,1,0,0,0,0,0,0,0,0,0,0,442,0,7,4,3,0,24,228,0
fleurca01,SEA,D,4,0,1,5,0,0,0,0,0,0,3,2,6,58,1,3,,,,,,
fordpa01,WPG,F,11,0,1,4,-2,0,0,0,29,36,7,11,20,108,2,1,,,,,,
geekico01,TBL,C,6,0,1,4,0,0,0,0,8,13,5,5,15,60,0,5,,,,,,
gibsojo02,DET,G,20,0,1,2,0,0,0,0,0,0,0,0,0,1154,0,6,11,7,1,58,536,2
gilespa01,SJS,F,3,0,1,0,1,0,0,0,9,6,2,2,3,26,0,1,,,,,,
gravery01,PIT,D,17,1,0,8,-4,0,0,0,0,0,19,31,13,260,5,11,,,,,,
gridima01,CGY,F,4,1,0,0,-3,0,0,0,0,4,9,3,1,58,2,6,,,,,,
halonbr01,NJD,F,9,1,0,5,-1,0,0,1,0,0,4,2,18,67,2,2,,,,,,
hamontr01,DET,D,19,0,1,18,-11,0,0,0,0,0,16,26,19,276,4,17,,,,,,
hutsoqu01,EDM,F,3,1,0,0,0,0,0,1,0,1,3,1,0,22,0,2,,,,,,
ioriovi01,SJS,D,12,0,1,6,-5,0,0,0,0,0,4,14,9,189,1,10,,,,,,
ivaniv01,COL,F,3,0,1,0,1,0,0,0,0,0,3,1,1,24,0,1,,,,,,
jonesca01,PIT,D,7,0,1,0,1,0,0,0,0,0,5,15,10,120,1,4,,,,,,
jonesma03,EDM,LW,4,0,1,0,1,0,0,0,0,0,6,2,11,27,1,1,,,,,,
joseppi01,VAN,D,11,0,1,2,-4,0,0,0,0,0,10,8,4,130,2,4,,,,,,
kaliyar01,OTT,RW,2,0,1,0,0,0,0,0,0,0,4,0,0,21,0,2,,,,,,
kampfda01,VAN,C,16,1,0,4,-4,0,0,0,140,111,12,11,11,245,0,6,,,,,,
kerfoal01,UTA,C,2,1,0,0,0,0,0,0,3,4,2,4,2,22,0,0,,,,,,
kiersma01,MIN,D,3,0,1,0,1,0,0,0,0,0,4,5,0,46,0,5,,,,,,
kirklju01,CGY,LW,9,0,1,0,-1,0,0,0,36,30,5,3,13,86,1,3,,,,,,
knighsp01,CHI,G,24,0,1,0,0,0,0,0,0,0,0,0,0,1450,0,19,10,9,5,62,721,2
koppajo01,PIT,LW,10,0,1,2,-1,0,0,0,12,13,6,4,9,124,2,4,,,,,,
laffesa01,CHI,C,14,1,0,14,1,0,0,0,5,2,2,1,14,123,0,7,,,,,,
lainepa01,MTL,RW,5,0,1,2,-3,0,0,0,2,1,6,0,2,63,0,2,,,,,,
lambebr01,WPG,C,4,1,0,2,-1,0,0,0,0,1,3,1,3,36,0,3,,,,,,
lamouma01,UTA,D,5,0,1,2,4,0,0,0,0,0,4,9,11,73,2,4,,,,,,
lankike01,VAN,G,18,0,1,2,0,0,0,0,0,0,0,0,0,1043,0,5,5,10,3,61,509,0
lardini01,CHI,LW,4,1,0,0,-1,0,0,0,0,0,4,1,7,49,1,2,,,,,,
lindgch01,WSH,G,12,0,1,2,0,0,0,0,0,0,1,0,0,703,0,7,5,4,2,36,320,1
luffma01,STL,RW,5,1,0,0,-2,0,0,0,0,0,5,4,8,45,2,0,,,,,,
lyonal01,BUF,G,19,0,1,0,0,0,0,0,0,0,0,0,0,1027,0,8,8,6,3,50,533,1
maattol01,UTA,D,19,0,1,2,-4,0,0,0,0,0,9,16,1,226,2,14,,,,,,
macdeku01,OTT,LW,14,0,1,28,-2,0,0,0,0,0,2,5,13,58,0,2,,,,,,
martibr02,NSH,C,3,0,1,0,0,0,0,0,5,11,2,2,0,34,0,4,,,,,,
mermida01,TOR,D,11,1,0,11,-3,0,0,0,0,0,5,9,8,143,2,8,,,,,,
merzlel01,CBJ,G,14,0,1,0,0,0,0,0,0,0,0,0,0,802,0,6,6,6,1,54,440,0
mitchtr01,NYI,D,9,1,0,6,0,0,0,0,0,0,4,6,13,103,0,6,,,,,,
fiskeos01,SEA,C,2,0,1,0,1,0,0,0,5,2,1,0,1,12,1,1,,,,,,
myersph01,TOR,D,16,0,1,8,-5,0,0,0,0,0,15,21,24,222,1,10,,,,,,
nedelal01,SJS,G,16,0,1,2,0,0,0,0,0,0,0,0,0,915,0,9,5,7,2,46,456,0
nielstr01,COL,F,4,0,1,0,1,0,0,0,0,0,3,1,9,25,0,2,,,,,,
oettija01,DAL,G,24,0,1,0,0,0,0,0,0,0,0,0,0,1442,0,7,16,6,2,60,665,2
ostapza01,SJS,C,14,0,1,2,-2,0,0,0,55,53,8,3,38,127,2,6,,,,,,
parekza01,CGY,D,11,0,1,0,0,0,0,0,0,0,11,5,5,162,3,17,,,,,,
pitlity01,MIN,C,23,1,0,24,-1,0,0,0,0,3,19,13,58,179,4,6,,,,,,
rempema01,NYR,C,13,1,0,7,-1,0,0,0,2,3,10,2,44,117,2,2,,,,,,
robidju01,CAR,C,2,0,1,0,0,0,0,0,12,12,2,1,3,21,0,1,,,,,,
romanal01,NYI,D,15,0,1,6,-7,0,0,0,0,0,17,31,31,291,4,18,,,,,,
rooneke01,UTA,C,1,1,0,0,1,0,0,0,2,6,1,0,0,9,0,1,,,,,,
santist01,TBL,D,8,0,1,0,0,0,0,0,0,0,3,5,6,96,0,4,,,,,,
simasdm01,UTA,D,24,0,1,18,-9,0,0,0,0,0,23,26,8,371,1,26,,,,,,
slaggla01,CHI,LW,10,1,0,12,0,0,0,0,0,0,5,4,16,90,1,3,,,,,,
sodervi01,BOS,D,8,0,1,0,3,0,0,0,0,0,8,10,1,109,2,11,,,,,,
talboca01,DET,G,19,0,1,0,0,0,0,0,0,0,0,0,0,1079,0,13,10,6,2,54,477,0
tanevbr01,UTA,LW,29,0,1,10,-9,0,0,0,3,11,18,13,76,284,2,18,,,,,,
thomplo01,WSH,G,25,0,1,0,0,0,0,0,0,0,0,0,0,1465,0,12,14,8,3,51,668,2
tomasph01,PIT,C,9,0,1,0,-2,0,0,0,2,2,9,7,11,109,0,3,,,,,,
tonindo01,CHI,C,3,0,1,4,1,0,0,0,6,10,3,0,10,28,0,2,,,,,,
tsyplma01,NYI,F,21,1,0,0,-6,0,0,0,6,7,16,4,38,201,3,14,,,,,,
tufteri01,BOS,LW,4,1,0,0,-1,1,0,0,0,0,4,1,7,46,0,1,,,,,,
vanecvi01,UTA,G,10,0,1,0,0,0,0,0,0,0,0,0,0,582,0,7,2,7,1,29,228,0
vejmeka01,UTA,G,29,0,1,2,0,0,0,0,0,0,0,0,0,1686,0,11,16,10,2,76,719,1
wedgesc01,COL,G,22,0,1,0,0,0,0,0,0,0,0,0,0,1254,0,9,15,1,4,44,547,1
xhekafl01,MTL,LW,5,0,1,7,-1,0,0,0,0,0,4,4,9,47,0,4,,,,,,
zamulye01,PHI,D,13,0,1,4,4,0,0,0,0,0,9,15,2,182,1,10,,,,,,
agozzan01,UTA,LW,2,0,0,0,0,0,0,0,3,4,0,1,4,12,1,1,,,,,,
akhtyar01,TOR,G,1,0,0,0,0,0,0,0,0,0,0,0,0,10,0,0,0,0,0,0,5,0
allenja01,NJD,G,19,0,0,0,0,0,0,0,0,0,0,0,0,1115,0,3,10,8,0,46,524,1
amanni01,VAN,C,2,0,0,0,0,0,0,0,1,1,1,1,2,17,0,1,,,,,,
anderfr01,CAR,G,14,0,0,4,0,0,0,0,0,0,0,0,0,837,0,11,5,7,2,44,351,0
annunju01,NSH,G,11,0,0,0,0,0,0,0,0,0,0,0,0,542,0,1,2,5,1,31,232,0
askarya01,SJS,G,22,0,0,0,0,0,0,0,0,0,0,0,0,1248,0,6,12,9,1,67,672,0
berarbr02,NYR,LW,11,0,0,6,-1,0,0,0,0,0,10,9,15,120,1,8,,,,,,
blackma01,COL,G,14,0,0,0,0,0,0,0,0,0,0,0,0,750,0,1,11,1,1,27,356,2
blumema01,BOS,RW,4,0,0,0,-3,0,0,0,0,1,4,2,2,43,0,3,,,,,,
broztr01,PIT,C,1,0,0,0,-1,0,0,0,3,3,2,0,0,11,0,1,,,,,,
brzushu01,CGY,D,5,0,0,0,1,0,0,0,0,0,7,0,3,69,0,2,,,,,,
buteyvy01,ANA,G,1,0,0,0,0,0,0,0,0,0,0,0,0,20,0,0,0,0,0,3,13,0
callami02,BOS,D,5,0,0,0,-1,0,0,0,0,0,3,9,3,64,2,3,,,,,,
caseyse01,NJD,D,2,0,0,0,-3,0,0,0,0,0,4,1,0,36,2,3,,,,,,
chaffmi01,TBL,F,7,0,0,4,0,0,0,0,1,2,8,2,19,66,0,5,,,,,,
chibrni01,WPG,RW,8,0,0,12,0,0,0,0,0,0,5,5,10,73,2,6,,,,,,
chmelja01,NYR,RW,6,0,0,7,-2,0,0,0,0,0,3,3,13,47,0,1,,,,,,
cliftco01,PIT,D,15,0,0,10,-3,0,0,0,0,0,12,26,63,239,5,10,,,,,,
comrier01,WPG,G,15,0,0,0,0,0,0,0,0,0,0,0,0,817,0,6,6,8,1,45,395,0
coolede01,CGY,G,13,0,0,0,0,0,0,0,0,0,0,0,0,699,0,4,4,4,2,28,327,0
cootebr01,VAN,C,3,0,0,0,-2,0,0,0,5,8,0,1,3,32,0,4,,,,,,
dadonev01,NJD,RW,5,0,0,0,-1,0,0,0,0,0,7,4,2,55,2,5,,,,,,
danfoju01,BUF,RW,4,0,0,2,-2,0,0,0,17,14,2,4,3,46,0,3,,,,,,
dawsni01,NJD,G,1,0,0,0,0,0,0,0,0,0,0,0,0,60,0,2,1,0,0,1,31,0
delmaet01,CHI,D,2,0,0,0,-1,0,0,0,0,0,3,3,6,32,0,3,,,,,,
deslani01,PHI,LW,16,0,0,24,-3,0,0,0,1,0,7,4,56,130,2,7,,,,,,
desmica01,DAL,G,13,0,0,0,0,0,0,0,0,0,0,0,0,791,0,5,9,1,3,29,364,1
devinja01,FLA,RW,6,0,0,2,-3,0,0,0,0,0,6,0,4,50,0,2,,,,,,
dobesja01,MTL,G,20,0,0,2,0,0,0,0,0,0,0,0,0,1136,0,7,12,5,3,55,517,0
dostalu01,ANA,G,22,0,0,2,0,0,0,0,0,0,0,0,0,1274,0,9,13,8,1,61,603,0
duboipi01,WSH,C,6,0,0,2,0,0,0,0,33,45,9,3,6,93,1,2,,,,,,
engstad01,MTL,D,9,0,0,4,1,0,0,0,0,0,6,3,4,113,2,5,,,,,,
erssosa01,PHI,G,13,0,0,0,0,0,0,0,0,0,0,0,0,811,0,3,5,4,4,42,316,0
fensodo01,CAR,D,1,0,0,0,-2,0,0,0,0,0,2,3,1,19,0,0,,,,,,
fleurha01,WPG,D,16,0,0,6,-7,0,0,0,0,0,11,26,23,234,5,11,,,,,,
forbode01,VAN,D,2,0,0,2,0,0,0,0,0,0,1,4,2,27,0,5,,,,,,
forsban01,LAK,G,13,0,0,4,0,0,0,0,0,0,0,0,0,769,0,3,5,5,3,35,352,1
fowleja01,MTL,G,4,0,0,0,0,0,0,0,0,0,0,0,0,240,0,1,2,1,1,10,118,1
gauchja01,PHI,F,3,0,0,0,-1,0,0,0,9,10,3,1,2,26,0,2,,,,,,
geertma01,BUF,D,5,0,0,12,-1,0,0,0,0,0,1,0,8,20,0,0,,,,,,
gilbede01,OTT,D,1,0,0,0,-1,0,0,0,0,0,0,1,0,13,0,3,,,,,,
ginniad01,PHI,D,5,0,0,0,0,0,0,0,0,0,2,5,4,76,0,5,,,,,,
greavje01,CBJ,G,23,0,0,0,0,0,0,0,0,0,0,0,0,1381,0,8,9,9,5,62,660,0
grubaph01,SEA,G,11,0,0,0,0,0,0,0,0,0,0,0,0,578,0,5,5,3,1,25,280,0
gudbrer01,CBJ,D,4,0,0,6,-2,0,0,0,0,0,3,1,5,59,1,3,,,,,,
gustaer02,DET,D,1,0,0,0,-1,0,0,0,0,0,2,1,1,17,1,1,,,,,,
gustafi01,MIN,G,23,0,0,0,0,0,0,0,0,0,0,0,0,1386,0,12,12,8,3,57,656,3
haighhu01,MIN,C,2,0,0,0,-2,0,0,0,7,9,0,0,2,18,0,0,,,,,,
halvebr01,TBL,G,1,0,0,0,0,0,0,0,0,0,0,0,0,0,0,0,0,0,0,0,0,0
hartca01,VEG,G,6,0,0,2,0,0,0,0,0,0,0,0,0,375,0,1,3,1,2,16,165,0
hathaga01,PHI,RW,33,0,0,25,-8,0,0,0,5,1,15,20,117,337,4,15,,,,,,
haydejo01,SEA,C,3,0,0,2,-1,0,0,0,6,9,2,2,7,30,1,2,,,,,,
helensa02,LAK,C,8,0,0,5,-2,0,0,0,14,21,2,1,21,49,0,3,,,,,,
helleco01,WPG,G,19,0,0,2,0,0,0,0,0,0,0,0,0,1137,0,6,9,8,2,47,534,0
hildede01,TOR,G,13,0,0,0,0,0,0,0,0,0,0,0,0,649,0,4,2,5,3,32,349,1
hillad01,VEG,G,5,0,0,0,0,0,0,0,0,0,0,0,0,219,0,0,1,0,2,10,89,0
hodgsha01,OTT,RW,9,0,0,11,-1,0,0,0,0,0,3,0,23,57,0,3,,,,,,
hoferjo01,STL,G,20,0,0,2,0,0,0,0,0,0,0,0,0,1051,0,14,7,7,2,51,499,3
hoglani01,VAN,LW,5,0,0,2,0,0,0,0,0,0,5,1,7,62,0,1,,,,,,
holtzal01,VEG,RW,8,0,0,6,-2,0,0,0,0,2,12,3,2,91,1,4,,,,,,
huntdr01,CGY,LW,2,0,0,0,-2,0,0,0,0,0,3,4,4,21,0,1,,,,,,
hussovi01,ANA,G,9,0,0,2,0,0,0,0,0,0,0,0,0,480,0,6,5,3,1,26,224,0
imamabo01,PIT,LW,2,0,0,5,0,0,0,0,0,0,2,0,3,15,0,2,,,,,,
ingraco01,EDM,G,1,0,0,0,0,0,0,0,0,0,0,0,0,60,0,0,1,0,0,3,29,0
jarrytr01,2TM,G,17,0,0,0,0,0,0,0,0,0,0,0,0,966,0,4,12,3,1,44,467,1
jiricda01,MIN,D,18,0,0,12,1,0,0,0,0,0,11,14,5,218,3,17,,,,,,
johanjo03,TBL,G,15,0,0,0,0,0,0,0,0,0,0,0,0,848,0,2,7,6,1,39,378,0
johnsry03,BUF,D,3,0,0,2,0,0,0,0,0,0,0,3,2,27,2,2,,,,,,
jonesbe01,MIN,F,20,0,0,0,-6,0,0,0,60,46,17,7,47,173,1,8,,,,,,
kaskial01,STL,C,5,0,0,0,-6,0,0,0,1,1,6,3,2,51,0,2,,,,,,
katchbo01,TBL,LW,3,0,0,0,0,0,0,0,7,12,0,2,5,36,0,0,,,,,,
kemeljo01,NSH,RW,2,0,0,0,0,0,0,0,0,1,1,1,4,22,0,0,,,,,,
kerinro01,CGY,C,2,0,0,0,-1,0,0,0,0,3,1,3,1,31,0,1,,,,,,
kessemi01,BUF,D,12,0,0,4,-5,0,0,0,0,0,15,17,10,187,4,19,,,,,,
kochepy01,CAR,G,9,0,0,0,0,0,0,0,0,0,0,0,0,490,0,7,6,2,0,19,189,1
kolosal01,PHI,G,2,0,0,0,0,0,0,0,0,0,0,0,0,73,0,1,0,1,0,2,28,0
korpijo01,BOS,G,14,0,0,0,0,0,0,0,0,0,0,0,0,760,0,6,6,7,0,46,384,0
kuempda01,LAK,G,23,0,0,4,0,0,0,0,0,0,0,0,0,1343,0,7,10,6,6,49,588,2
kulikdm01,FLA,D,2,0,0,0,-1,0,0,0,0,0,1,0,1,21,0,2,,,,,,
kuntatr01,BUF,C,1,0,0,0,-1,0,0,0,0,0,0,0,1,5,0,0,,,,,,
labatjo01,VAN,C,1,0,0,0,-1,0,0,0,1,1,2,2,6,9,0,0,,,,,,
lachash01,NJD,LW,1,0,0,0,0,0,0,0,1,0,0,0,1,7,0,0,,,,,,
lamboca01,MIN,D,1,0,0,0,1,0,0,0,0,0,1,1,0,10,0,2,,,,,,
legarna01,NJD,RW,1,0,0,0,0,0,0,0,0,1,0,1,2,8,0,0,,,,,,
lindbca01,VEG,G,7,0,0,0,0,0,0,0,0,0,0,0,0,420,0,1,1,4,2,22,169,0
luchaje01,PHI,F,4,0,0,2,-3,0,0,0,11,10,1,3,2,35,0,1,,,,,,
luukkuk01,BUF,G,11,0,0,2,0,0,0,0,0,0,0,0,0,636,0,3,5,5,1,29,269,0
macewza01,NJD,C,3,0,0,0,0,0,0,0,0,2,4,1,6,19,1,2,,,,,,
makarta01,COL,LW,3,0,0,0,0,0,0,0,0,0,3,0,6,16,0,0,,,,,,
mancivi01,VAN,D,5,0,0,5,-2,0,0,0,0,0,3,5,6,52,0,2,,,,,,
mayody01,CBJ,D,1,0,0,0,-1,0,0,0,0,0,3,0,0,7,0,0,,,,,,
mcilrdy01,WSH,D,4,0,0,0,1,0,0,0,0,0,1,2,9,44,0,3,,,,,,
melanja01,SEA,RW,5,0,0,0,-1,0,0,0,0,0,4,2,20,36,1,3,,,,,,
merille01,OTT,G,9,0,0,0,0,0,0,0,0,0,0,0,0,529,0,3,4,5,0,30,235,0
merkuge01,BOS,F,1,0,0,0,-1,0,0,0,0,0,0,0,0,10,0,0,,,,,,
metsaza01,BUF,D,6,0,0,2,3,0,0,0,0,0,3,3,2,61,0,4,,,,,,
milicth01,WPG,G,3,0,0,2,0,0,0,0,0,0,0,0,0,138,0,0,0,1,0,8,62,0
milleco02,WPG,D,11,0,0,6,-8,0,0,0,0,0,12,8,19,161,1,10,,,,,,
minertr01,COL,G,2,0,0,0,0,0,0,0,0,0,0,0,0,113,0,0,0,0,2,4,44,0
miromda01,CGY,D,1,0,0,0,0,0,0,0,0,0,0,2,0,17,0,1,,,,,,
mirosiv01,WSH,LW,2,0,0,0,0,0,0,0,0,0,3,1,4,19,0,0,,,,,,
montesa01,MTL,G,15,0,0,0,0,0,0,0,0,0,0,0,0,805,0,1,5,6,1,49,343,0
mortosa01,CGY,F,3,0,0,10,-1,0,0,0,16,8,3,1,9,28,1,2,,,,,,
moverja01,LAK,D,8,0,0,0,-2,0,0,0,0,0,4,5,3,77,1,1,,,,,,
mrazepe01,ANA,G,8,0,0,0,0,0,0,0,0,0,0,0,0,451,0,5,3,3,0,29,219,0
murasse01,PIT,G,5,0,0,0,0,0,0,0,0,0,0,0,0,281,0,3,1,1,2,12,117,1
murchty01,PHI,D,3,0,0,0,1,0,0,0,0,0,1,2,5,45,0,3,,,,,,
murrama02,SEA,G,5,0,0,0,0,0,0,0,0,0,0,0,0,216,0,2,0,2,1,8,102,0
othmabr01,NYR,LW,4,0,0,7,-2,0,0,0,0,0,2,2,5,35,0,0,,,,,,
parenxa01,NJD,F,5,0,0,2,-1,0,0,0,0,0,2,1,7,42,1,1,,,,,,
paterji01,VAN,G,1,0,0,0,0,0,0,0,0,0,0,0,0,56,0,0,0,1,0,7,40,0
pelleja01,TBL,LW,1,0,0,0,0,0,0,0,1,0,0,1,1,6,0,0,,,,,,
pickaca01,EDM,G,13,0,0,0,0,0,0,0,0,0,0,0,0,687,0,12,3,5,2,45,324,0
pickeow01,PIT,D,4,0,0,2,-3,0,0,0,0,0,1,2,1,48,1,4,,,,,,
pinellu01,CBJ,C,3,0,0,0,-1,0,0,0,0,0,6,1,2,41,0,3,,,,,,
polinja01,COL,F,2,0,0,0,1,0,0,0,0,0,0,2,7,11,0,0,,,,,,
poulisa01,PIT,RW,2,0,0,0,-2,0,0,0,0,0,1,2,2,27,1,1,,,,,,
primeca01,TOR,G,3,0,0,0,0,0,0,0,0,0,0,0,0,181,0,1,2,1,0,13,80,0
quickjo01,NYR,G,9,0,0,12,0,0,0,0,0,0,0,0,0,537,0,6,3,5,1,16,252,1
quillja01,TOR,F,2,0,0,0,1,0,0,0,3,5,1,0,6,17,0,2,,,,,,
ristora01,PHI,D,4,0,0,4,0,0,0,0,0,0,7,8,8,76,1,1,,,,,,
rittida01,NYI,G,12,0,0,0,0,0,0,0,0,0,1,0,0,733,0,14,7,3,2,31,337,1
royjo01,MTL,RW,3,0,0,2,0,0,0,0,0,0,2,0,6,29,0,3,,,,,,
salomel01,WPG,D,4,0,0,0,-4,0,0,0,0,0,3,5,5,58,0,3,,,,,,
sarosju01,NSH,G,27,0,0,2,0,0,0,0,0,0,0,0,0,1564,0,10,13,11,3,77,748,0
schmiak01,VEG,G,18,0,0,0,0,0,0,0,0,0,0,0,0,1064,0,6,11,3,4,44,425,2
shestig01,NYR,G,29,0,0,4,0,0,0,0,0,0,2,0,0,1750,0,15,15,11,3,74,807,1
skinnhu01,STL,D,1,0,0,0,1,0,0,0,0,0,0,1,4,10,0,0,,,,,,
skinnst01,2TM,G,25,0,0,0,0,0,0,0,0,0,0,0,0,1429,0,13,11,10,4,70,612,2
slavija01,CAR,D,5,0,0,0,-2,0,0,0,0,0,4,8,0,86,5,6,,,,,,
soderar01,CHI,G,11,0,0,0,0,0,0,0,0,0,0,0,0,652,0,3,3,7,1,44,347,0
solovil01,COL,D,9,0,0,4,-4,0,0,0,0,0,9,15,11,104,2,3,,,,,,
sorokil01,NYI,G,24,0,0,2,0,0,0,0,0,0,0,0,0,1436,0,5,12,10,2,61,675,3
stivajo01,PIT,D,3,0,0,0,-2,0,0,0,0,0,3,6,12,45,0,0,,,,,,
stillri01,EDM,D,2,0,0,0,-1,0,0,0,0,0,1,1,2,23,0,1,,,,,,
stolaan01,TOR,G,13,0,0,0,0,0,0,0,0,0,0,0,0,701,0,1,6,5,1,41,353,0
studnja01,FLA,C,9,0,0,2,-4,0,0,0,21,36,11,3,13,73,1,1,,,,,,
swaymje01,BOS,G,25,0,0,0,0,0,0,0,0,0,0,0,0,1468,0,10,14,9,1,68,720,0
tarasda02,FLA,G,12,0,0,0,0,0,0,0,0,0,0,0,0,687,0,7,4,6,1,34,338,0
thrunhe01,TOR,D,4,0,0,0,-1,0,0,0,0,0,4,4,3,59,0,1,,,,,,
tolopni01,VAN,G,4,0,0,0,0,0,0,0,0,0,0,0,0,196,0,2,2,1,0,9,101,0
trinebo01,WSH,RW,2,0,0,0,0,0,0,0,0,0,1,2,1,21,1,1,,,,,,
ullmali01,OTT,G,26,0,0,2,0,0,0,0,0,0,0,0,0,1577,0,6,14,8,4,75,648,1
vasilan02,TBL,G,22,0,0,4,0,0,0,0,0,0,0,0,0,1294,0,5,13,7,2,50,575,1
vielje01,BOS,F,10,0,0,30,-1,0,0,0,1,1,11,4,27,95,1,2,,,,,,
vladada01,PHI,G,21,0,0,2,0,0,0,0,0,0,0,0,0,1255,0,5,13,5,3,50,556,0
wallsje01,MIN,G,14,0,0,2,0,0,0,0,0,0,0,0,0,856,0,8,10,2,2,30,449,4
wolfdu01,CGY,G,27,0,0,2,0,0,0,0,0,0,0,0,0,1459,0,12,11,13,2,71,684,2
wolljo01,TOR,G,10,0,0,0,0,0,0,0,0,0,0,0,0,561,0,6,5,4,1,23,292,0
